mouse,distance_microns,grey_value,grey_value_normalised
A,0,13.8261,0.061214173
A,0.624,13.2112,0.038851652
A,1.248,13.0932,0.03456026
A,1.872,13.2112,0.038851652
A,2.496,13.5839,0.052405908
A,3.12,13.3354,0.043368525
A,3.744,12.6025,0.016714611
A,4.367,12.1429,0
A,4.991,12.7826,0.023264441
A,5.615,14,0.067538523
A,6.239,15.0186,0.104582698
A,6.863,16.3789,0.15405373
A,7.487,18.5714,0.233789991
A,8.111,21.3168,0.333633973
A,8.735,22.4099,0.373387546
A,9.359,21.7205,0.348315628
A,9.983,20.3913,0.299975634
A,10.607,19.8758,0.281228066
A,11.231,20.2919,0.296360681
A,11.855,20.7143,0.311722412
A,12.479,21.3975,0.33656885
A,13.102,21.6957,0.347413708
A,13.726,21.3913,0.33634337
A,14.35,21.2236,0.3302445
A,14.974,20.7143,0.311722412
A,15.598,20.3106,0.297040757
A,16.222,20.8944,0.318272242
A,16.846,21.8447,0.352832501
A,17.47,21.3602,0.335212333
A,18.094,21.1056,0.325953107
A,18.718,20.9752,0.321210755
A,19.342,21.1056,0.325953107
A,19.966,22.3478,0.371129109
A,20.59,22.528,0.377682575
A,21.213,23.4037,0.409529802
A,21.837,25.5963,0.489269699
A,22.461,27.1925,0.54731988
A,23.085,25.2919,0.478199361
A,23.709,23.913,0.428051889
A,24.333,24.8199,0.461033789
A,24.957,26.7702,0.531961785
A,25.581,27.4969,0.558390219
A,26.205,26.5776,0.524957359
A,26.829,24.9814,0.466907179
A,27.453,23.8385,0.425342493
A,28.077,24.0435,0.432797879
A,28.701,24.1553,0.436863792
A,29.325,23.9379,0.428957446
A,29.948,23.0497,0.396655623
A,30.572,22.7888,0.387167281
A,31.196,22.6149,0.380842931
A,31.82,22.3851,0.372485626
A,32.444,23.1242,0.399365019
A,33.068,24,0.431215883
A,33.692,24.1988,0.438445788
A,34.316,24.6522,0.45493492
A,34.94,25.3665,0.480912394
A,35.564,24.8447,0.461935709
A,36.188,23.9193,0.428281006
A,36.812,23.7019,0.42037466
A,37.436,24.0994,0.434830835
A,38.059,24.2484,0.440249628
A,38.683,24.5342,0.450643527
A,39.307,24.1553,0.436863792
A,39.931,23.5528,0.414952231
A,40.555,23.5652,0.415403191
A,41.179,23.3665,0.408176922
A,41.803,22.0373,0.359836927
A,42.427,21.1429,0.327309624
A,43.051,22.3043,0.369547113
A,43.675,22.8509,0.389425717
A,44.299,23.2174,0.402754492
A,44.923,23.1304,0.399590499
A,45.547,22.9068,0.391458674
A,46.171,22.9193,0.39191327
A,46.794,23.677,0.419469104
A,47.418,24.6398,0.45448396
A,48.042,24.3354,0.443413621
A,48.666,22.9938,0.394622667
A,49.29,21.1988,0.32934258
A,49.914,20.5217,0.304717986
A,50.538,21.6708,0.346508152
A,51.162,22.0186,0.35915685
A,51.786,20.6894,0.310816856
A,52.41,19.8882,0.281679026
A,53.034,19.795,0.278289553
A,53.658,19.1925,0.256377992
A,54.282,19.3478,0.262025901
A,54.905,20.7453,0.312849812
A,55.529,21.7081,0.347864668
A,56.153,21.0683,0.324596591
A,56.777,20.9317,0.319628758
A,57.401,20.4286,0.30133215
A,58.025,19.2236,0.257509028
A,58.649,19.4596,0.266091814
A,59.273,19.8385,0.279871549
A,59.897,19.8075,0.278744149
A,60.521,19.4472,0.265640854
A,61.145,18.9814,0.248700763
A,61.769,18.5217,0.231982514
A,62.393,18.5404,0.232662591
A,63.017,18.8012,0.242147297
A,63.64,18.8696,0.24463485
A,64.264,18.6398,0.236277544
A,64.888,18.8758,0.24486033
A,65.512,18.9503,0.247569726
A,66.136,19.4658,0.266317294
A,66.76,19.5714,0.270157727
A,67.384,19.2484,0.258410948
A,68.008,18.3478,0.225658165
A,68.632,17.9255,0.21030007
A,69.256,18.5839,0.234244588
A,69.88,19.2857,0.259767465
A,70.504,18.7143,0.23898694
A,71.128,17.7329,0.203295644
A,71.751,17.9006,0.209394514
A,72.375,18.4845,0.230629635
A,72.999,19.1925,0.256377992
A,73.623,19.4658,0.266317294
A,74.247,18.8012,0.242147297
A,74.871,18.9068,0.24598773
A,75.495,17.9255,0.21030007
A,76.119,17.0497,0.178449207
A,76.743,17.5466,0.196520335
A,77.367,18.3043,0.224076169
A,77.991,19.0124,0.249828162
A,78.615,18.9255,0.246667806
A,79.239,17.205,0.184097116
A,79.863,14.8012,0.096676353
A,80.486,14.3354,0.079736261
A,81.11,14.0497,0.069345999
A,81.734,14.2112,0.075219388
A,82.358,14.5466,0.087417127
A,82.982,15.2547,0.113169121
A,83.606,15.2547,0.113169121
A,84.23,14.4472,0.083802174
A,84.854,14.0248,0.068440442
A,85.478,14.5652,0.088093567
A,86.102,14.8447,0.098258349
A,86.726,14.5652,0.088093567
A,87.35,14.677,0.09215948
A,87.974,14.7205,0.093741476
A,88.597,14.205,0.074993908
A,89.221,14.6522,0.09125756
A,89.845,15.3727,0.117460514
A,90.469,15.4845,0.121526427
A,91.093,15.0311,0.105037295
A,91.717,14.7888,0.096225393
A,92.341,14.8447,0.098258349
A,92.965,14.7143,0.093515996
A,93.589,14.9317,0.101422342
A,94.213,14.7143,0.093515996
A,94.837,14.9193,0.100971382
A,95.461,15.6087,0.126043299
A,96.085,15.4969,0.121977387
A,96.708,15.0497,0.105713735
A,97.332,14.6894,0.09261044
A,97.956,14.4472,0.083802174
A,98.58,14.4596,0.084253134
A,99.204,14.6894,0.09261044
A,99.828,14.559,0.087868087
A,100.452,14.8012,0.096676353
A,101.076,14.9441,0.101873302
A,101.7,14.9814,0.103229819
A,102.324,14.5155,0.08628609
A,102.948,14.7826,0.095999913
A,103.572,15.4658,0.12084635
A,104.196,15.8944,0.136433562
A,104.82,15.9379,0.138015558
A,105.443,15.6149,0.126268779
A,106.067,15.441,0.11994443
A,106.691,15.6708,0.128301736
A,107.315,15.6522,0.127625296
A,107.939,15.9627,0.138917478
A,108.563,15.7267,0.130334692
A,109.187,14.8012,0.096676353
A,109.811,14.3913,0.081769218
A,110.435,14.9317,0.101422342
A,111.059,14.5776,0.088544527
A,111.683,14.0062,0.067764002
A,112.307,14.5466,0.087417127
A,112.931,14.8447,0.098258349
A,113.554,14.8509,0.098483829
A,114.178,15.1491,0.109328688
A,114.802,15.7329,0.130560172
A,115.426,15.8385,0.134400605
A,116.05,15.2733,0.113845561
A,116.674,15.2298,0.112263564
A,117.298,15.6584,0.127850776
A,117.922,15.3478,0.116554957
A,118.546,14.6957,0.092839556
A,119.17,14.5466,0.087417127
A,119.794,14.4907,0.085384171
A,120.418,14.528,0.086740687
A,121.042,14.6335,0.090577483
A,121.666,14.8199,0.097356429
A,122.289,15.2174,0.111812604
A,122.913,15.4783,0.121300947
A,123.537,15.1925,0.110907048
A,124.161,14.2981,0.078379745
A,124.785,14.3292,0.079510781
A,125.409,15.3043,0.114972961
A,126.033,15.4596,0.12062087
A,126.657,14.677,0.09215948
A,127.281,14.528,0.086740687
A,127.905,15.0932,0.107295732
A,128.529,15.3292,0.115878517
A,129.153,15.2795,0.114071041
A,129.777,15.0373,0.105262775
A,130.4,15.0683,0.106390175
A,131.024,15.2733,0.113845561
A,131.648,14.9876,0.103455299
A,132.272,14.9938,0.103680779
A,132.896,15.6335,0.126945219
A,133.52,15.5093,0.122428346
A,134.144,14.6894,0.09261044
A,134.768,14.441,0.083576694
A,135.392,15.205,0.111361644
A,136.016,15.7267,0.130334692
A,136.64,15.1118,0.107972171
A,137.264,15.1118,0.107972171
A,137.888,15.8696,0.135531642
A,138.512,15.9068,0.136884522
A,139.135,15.0994,0.107521211
A,139.759,15.3975,0.118362434
A,140.383,16.0994,0.143888947
A,141.007,16.205,0.14772938
A,141.631,15.6087,0.126043299
A,142.255,15.1739,0.110230608
A,142.879,14.5404,0.087191647
A,143.503,14.0621,0.069796959
A,144.127,14.4907,0.085384171
A,144.751,15.6335,0.126945219
A,145.375,16.3602,0.153373653
A,145.999,16.3168,0.151795293
A,146.623,16.5466,0.160152599
A,147.246,16.1739,0.146598344
A,147.87,15.9006,0.136659042
A,148.494,15.9938,0.140048515
A,149.118,15.6087,0.126043299
A,149.742,15.4472,0.12016991
A,150.366,15.5528,0.124010343
A,150.99,15.3292,0.115878517
A,151.614,15.7019,0.129432772
A,152.238,16.3416,0.152697213
A,152.862,16.323,0.152020773
A,153.486,16.3851,0.15427921
A,154.11,16.3727,0.15382825
A,154.734,16.1429,0.145470944
A,155.358,15.8571,0.135077045
A,155.981,14.9938,0.103680779
A,156.605,14.5093,0.08606061
A,157.229,14.4348,0.083351214
A,157.853,14.4783,0.084933211
A,158.477,15.354,0.116780437
A,159.101,15.646,0.127399816
A,159.725,16.1056,0.144114427
A,160.349,16.6149,0.162636515
A,160.973,16.2112,0.14795486
A,161.597,16.0311,0.141405031
A,162.221,16.0621,0.142532431
A,162.845,16.2919,0.150889737
A,163.469,15.6957,0.129207292
A,164.092,14.9814,0.103229819
A,164.716,15.6087,0.126043299
A,165.34,16.4099,0.15518113
A,165.964,16.6522,0.163993032
A,166.588,16.2857,0.150664257
A,167.212,16.0497,0.142081471
A,167.836,16.1739,0.146598344
A,168.46,16.2671,0.149987817
A,169.084,15.7205,0.130109212
A,169.708,15.9379,0.138015558
A,170.332,15.795,0.132818609
A,170.956,15.559,0.124235823
A,171.58,15.2733,0.113845561
A,172.204,14.8199,0.097356429
A,172.827,14.8199,0.097356429
A,173.451,14.3975,0.081994698
A,174.075,14.1801,0.074088352
A,174.699,14.5466,0.087417127
A,175.323,14.6398,0.0908066
A,175.947,14.795,0.096450873
A,176.571,14.7702,0.095548953
A,177.195,14.913,0.100742265
A,177.819,14.6398,0.0908066
A,178.443,13.9876,0.067087563
A,179.067,14.2609,0.077026865
A,179.691,14.8758,0.099389386
A,180.315,15.2981,0.114747481
A,180.938,16.1863,0.147049304
A,181.562,16.7267,0.166702428
A,182.186,16.0373,0.141630511
A,182.81,15,0.103906259
A,183.434,14.4161,0.082671137
A,184.058,14.4286,0.083125734
A,184.682,14.4783,0.084933211
A,185.306,14.5466,0.087417127
A,185.93,14.5466,0.087417127
A,186.554,14.4596,0.084253134
A,187.178,14.4596,0.084253134
A,187.802,14.4658,0.084478614
A,188.426,14.2547,0.076801385
A,189.05,14.4472,0.083802174
A,189.673,14.9565,0.102324262
A,190.297,15.3789,0.117685994
A,190.921,15.0124,0.104357218
A,191.545,14.6087,0.089675563
A,192.169,14.7764,0.095774433
A,192.793,15.1366,0.108874091
A,193.417,15.2174,0.111812604
A,194.041,15.6025,0.125817819
A,194.665,15.9938,0.140048515
A,195.289,15.559,0.124235823
A,195.913,14.6957,0.092839556
A,196.537,14.4348,0.083351214
A,197.161,14.1491,0.072960952
A,197.784,14.1553,0.073186432
A,198.408,14.7329,0.094192436
A,199.032,14.5652,0.088093567
A,199.656,14.5839,0.088773644
A,200.28,14.1925,0.074539312
A,200.904,13.8137,0.060763213
B,0,6.8199,0.179406253
B,0.624,5.9068,0.1365214
B,1.248,5.7826,0.130688196
B,1.872,6.5217,0.165400927
B,2.496,6.6273,0.17036056
B,3.12,6.0186,0.141772223
B,3.744,6.0373,0.142650492
B,4.367,6.205,0.150526726
B,4.991,7.3975,0.20653394
B,5.615,6.2298,0.151691488
B,6.239,6.1988,0.150235536
B,6.863,6.4037,0.159858913
B,7.487,6.6957,0.173573049
B,8.111,6.0248,0.142063414
B,8.735,5.1491,0.100935097
B,9.359,5.5466,0.119604169
B,9.983,6.472,0.163066706
B,10.607,6.6025,0.169195797
B,11.231,6.3354,0.156651121
B,11.855,6.1491,0.147901315
B,12.479,6.205,0.150526726
B,13.102,6.7516,0.17619846
B,13.726,7.5714,0.214701365
B,14.35,7.9938,0.234539895
B,14.974,7.8509,0.227828423
B,15.598,7.9441,0.232205674
B,16.222,8.1863,0.243580892
B,16.846,8.4037,0.253791348
B,17.47,9.5404,0.307177847
B,18.094,10.9752,0.374564975
B,18.718,11.4596,0.397315411
B,19.342,10.4907,0.351809843
B,19.966,11.5652,0.402275044
B,20.59,13.118,0.475204186
B,21.213,13.795,0.507000315
B,21.837,16.5093,0.634480718
B,22.461,19.0497,0.753793696
B,23.085,16.9193,0.653736867
B,23.709,17.8385,0.696908214
B,24.333,18.6646,0.735707006
B,24.957,16.646,0.640901
B,25.581,15.9441,0.607935412
B,26.205,15.5839,0.591018181
B,26.829,13.2484,0.48132858
B,27.453,13.7578,0.505253171
B,28.077,15.6894,0.595973117
B,28.701,15.2236,0.574096253
B,29.325,13.6832,0.501749492
B,29.948,12.9938,0.469370981
B,30.572,13.2981,0.483662801
B,31.196,13.5155,0.493873257
B,31.82,13.1988,0.478999056
B,32.444,14.7329,0.55104993
B,33.068,16.8696,0.651402646
B,33.692,16.5714,0.63739732
B,34.316,16.5404,0.635941367
B,34.94,17.3416,0.673570701
B,35.564,18.6025,0.732790404
B,36.188,19.5404,0.776840019
B,36.812,18.3851,0.722579948
B,37.436,18.0248,0.70565802
B,38.059,17.5776,0.684654728
B,38.683,17.7143,0.69107501
B,39.307,19.7453,0.786463397
B,39.931,17.9752,0.703328496
B,40.555,15.913,0.606474763
B,41.179,15.4969,0.58693212
B,41.803,15.5652,0.590139912
B,42.427,15.559,0.589848722
B,43.051,15.2547,0.575556902
B,43.675,17.3478,0.673861891
B,44.299,18.2236,0.714994904
B,44.923,17.4472,0.678530333
B,45.547,17.1677,0.665403275
B,46.171,17.2981,0.67152767
B,46.794,19.1677,0.75933571
B,47.418,19.5404,0.776840019
B,48.042,19.7267,0.785589825
B,48.666,20.7143,0.831973661
B,49.29,20,0.798425692
B,49.914,18.3354,0.720245727
B,50.538,18.7205,0.738332417
B,51.162,16.6398,0.640609809
B,51.786,16.6584,0.641483381
B,52.41,17.9627,0.702741418
B,53.034,18.8199,0.743000859
B,53.658,19.528,0.776257638
B,54.282,17.4783,0.679990982
B,54.905,13.9379,0.513711787
B,55.529,12.0435,0.424738985
B,56.153,12.0745,0.426194938
B,56.777,14.7764,0.55309296
B,57.401,18.7764,0.740957829
B,58.025,21.2919,0.859101348
B,58.649,17.6335,0.687280139
B,59.273,11.559,0.401983853
B,59.897,8.3292,0.250292365
B,60.521,7.7702,0.224038249
B,61.145,8.8075,0.272756306
B,61.769,8.7888,0.271878038
B,62.393,7.7391,0.2225776
B,63.017,7.2484,0.199531277
B,63.64,7.118,0.193406882
B,64.264,7.4161,0.207407512
B,64.888,6.7391,0.175611383
B,65.512,6.1739,0.149066077
B,66.136,5.9752,0.139733889
B,66.76,5.7391,0.128645166
B,67.384,5.5031,0.117561138
B,68.008,4.7578,0.082557217
B,68.632,4.528,0.07176438
B,69.256,4.7267,0.081096567
B,69.88,4.5652,0.073511523
B,70.504,5.0807,0.097722608
B,71.128,5.2919,0.107641873
B,71.751,5.0435,0.095975465
B,72.375,5.3292,0.109393713
B,72.999,5.6025,0.12222958
B,73.623,5.4037,0.112892696
B,74.247,4.4907,0.07001254
B,74.871,4.3727,0.064470526
B,75.495,4.9379,0.091015832
B,76.119,5.3665,0.111145553
B,76.743,5.1491,0.100935097
B,77.367,4.7329,0.081387758
B,77.991,5.1304,0.100056829
B,78.615,5.4534,0.115226917
B,79.239,5.5901,0.121647199
B,79.863,4.9503,0.091598213
B,80.486,4.795,0.08430436
B,81.11,4.441,0.067678319
B,81.734,4.4534,0.0682607
B,82.358,4.8261,0.085765009
B,82.982,4.8509,0.086929771
B,83.606,4.8634,0.087516849
B,84.23,4.9068,0.089555183
B,84.854,5.5901,0.121647199
B,85.478,5.6894,0.126310945
B,86.102,5.6584,0.124854992
B,86.726,6.3478,0.157233502
B,87.35,6.6894,0.173277162
B,87.974,6.1429,0.147610124
B,88.597,6.4224,0.160737182
B,89.221,6.528,0.165696814
B,89.845,6.8758,0.182031665
B,90.469,5.2981,0.107933064
B,91.093,5.1988,0.103269318
B,91.717,5.6211,0.123103152
B,92.341,5.2609,0.10618592
B,92.965,5.5839,0.121356009
B,93.589,5.1056,0.098892067
B,94.213,4.7826,0.083721979
B,94.837,5.2733,0.106768302
B,95.461,5.3354,0.109684904
B,96.085,5.7329,0.128353975
B,96.708,6.0994,0.145567094
B,97.332,5.4658,0.115809298
B,97.956,5,0.093932434
B,98.58,5.2112,0.103851699
B,99.204,5.2919,0.107641873
B,99.828,4.9565,0.091889404
B,100.452,5.3043,0.108224254
B,101.076,5.0559,0.096557846
B,101.7,4.9627,0.092180594
B,102.324,4.8385,0.08634739
B,102.948,5.2919,0.107641873
B,103.572,4.8944,0.088972802
B,104.196,4.8199,0.085473819
B,104.82,5.2609,0.10618592
B,105.443,5.2671,0.106477111
B,106.067,4.8696,0.08780804
B,106.691,4.7267,0.081096567
B,107.315,4.5714,0.073802714
B,107.939,5.3168,0.108811332
B,108.563,5.1366,0.10034802
B,109.187,5.0124,0.094514815
B,109.811,4.2112,0.056885482
B,110.435,4.5342,0.07205557
B,111.059,4.9006,0.089263992
B,111.683,4.913,0.089846374
B,112.307,5.1429,0.100643907
B,112.931,4.2919,0.060675656
B,113.554,5.2484,0.105598843
B,114.178,5.9193,0.137108478
B,114.802,5.1801,0.10239105
B,115.426,4.9441,0.091307023
B,116.05,4.6273,0.076428125
B,116.674,4.764,0.082848407
B,117.298,5.7826,0.130688196
B,117.922,6.0932,0.145275903
B,118.546,5.9565,0.138855621
B,119.17,5.0994,0.098600876
B,119.794,4.5031,0.070594921
B,120.418,4.8696,0.08780804
B,121.042,5.4099,0.113183887
B,121.666,6.2981,0.154899281
B,122.289,6.1739,0.149066077
B,122.913,5.323,0.109102523
B,123.537,4.7826,0.083721979
B,124.161,5.1429,0.100643907
B,124.785,5.5528,0.119895359
B,125.409,5.646,0.124272611
B,126.033,6.0186,0.141772223
B,126.657,5.7578,0.129523434
B,127.281,5.3478,0.110267285
B,127.905,5.6398,0.12398142
B,128.529,5.9193,0.137108478
B,129.153,6.3416,0.156942311
B,129.777,6.7391,0.175611383
B,130.4,5.9814,0.14002508
B,131.024,5.4224,0.113770965
B,131.648,5.2671,0.106477111
B,132.272,5.6087,0.122520771
B,132.896,6.3168,0.155777549
B,133.52,6.1056,0.145858284
B,134.144,5.5155,0.118143519
B,134.768,5.2671,0.106477111
B,135.392,5.4099,0.113183887
B,136.016,5.0311,0.095393084
B,136.64,5.5901,0.121647199
B,137.264,6.3789,0.158694151
B,137.888,5.6273,0.123394342
B,138.512,5.6273,0.123394342
B,139.135,6.0062,0.141189842
B,139.759,5.4534,0.115226917
B,140.383,5.2981,0.107933064
B,141.007,5.6087,0.122520771
B,141.631,5.8012,0.131561768
B,142.255,5.913,0.136812591
B,142.879,6.0745,0.144397635
B,143.503,5.6211,0.123103152
B,144.127,5.3789,0.111727934
B,144.751,5.4907,0.116978757
B,145.375,5.7888,0.130979387
B,145.999,5.9068,0.1365214
B,146.623,5.4037,0.112892696
B,147.246,5.1988,0.103269318
B,147.87,5.0745,0.097431418
B,148.494,5.2609,0.10618592
B,149.118,5.7329,0.128353975
B,149.742,6,0.140898652
B,150.366,6.1739,0.149066077
B,150.99,5.7826,0.130688196
B,151.614,5.0248,0.095097197
B,152.238,4.5155,0.071177302
B,152.862,4.4099,0.06621767
B,153.486,4.3168,0.061845115
B,154.11,4.7081,0.080222996
B,154.734,5.5528,0.119895359
B,155.358,5.8137,0.132148845
B,155.981,5.1925,0.102973431
B,156.605,5.4969,0.117269948
B,157.229,5.6708,0.125437373
B,157.853,5.1304,0.100056829
B,158.477,4.764,0.082848407
B,159.101,4.9255,0.090433451
B,159.725,4.8509,0.086929771
B,160.349,4.764,0.082848407
B,160.973,4.7888,0.084013169
B,161.597,4.8012,0.08459555
B,162.221,4.2112,0.056885482
B,162.845,3.9627,0.045214377
B,163.469,4.8261,0.085765009
B,164.092,5.1056,0.098892067
B,164.716,4.8447,0.086638581
B,165.34,4.5652,0.073511523
B,165.964,4.5528,0.072929142
B,166.588,4.3168,0.061845115
B,167.212,3.7764,0.036464571
B,167.836,3.8571,0.040254745
B,168.46,4.4161,0.06650886
B,169.084,3.7391,0.034712731
B,169.708,3.3168,0.014878898
B,170.332,4.0311,0.048426867
B,170.956,4.205,0.056594292
B,171.58,4.3043,0.061258037
B,172.204,4.3043,0.061258037
B,172.827,3.6894,0.03237851
B,173.451,3.8944,0.042006585
B,174.075,4.3292,0.062427496
B,174.699,4.8882,0.088681611
B,175.323,4.8634,0.087516849
B,175.947,4.2733,0.059802084
B,176.571,4.4969,0.070303731
B,177.195,4.3292,0.062427496
B,177.819,3.6646,0.031213748
B,178.443,3.5342,0.025089353
B,179.067,3.4658,0.021876864
B,179.691,3.2174,0.010210456
B,180.315,3.0248,0.001164762
B,180.938,3.9441,0.044340806
B,181.562,3.7205,0.033839159
B,182.186,3.6957,0.032674397
B,182.81,3.8385,0.039381173
B,183.434,3.8944,0.042006585
B,184.058,4.1677,0.054842452
B,184.682,4.2174,0.057176673
B,185.306,3.8882,0.041715394
B,185.93,3.9193,0.043176043
B,186.554,3.8075,0.03792522
B,187.178,3.5342,0.025089353
B,187.802,3,0
B,188.426,3.7453,0.035003922
B,189.05,4.1056,0.05192585
B,189.673,4,0.046966217
B,190.297,3.8509,0.039963554
B,190.921,3.7391,0.034712731
B,191.545,3.8944,0.042006585
B,192.169,4.5714,0.073802714
B,192.793,4.1553,0.054260071
B,193.417,3.8385,0.039381173
B,194.041,3.6894,0.03237851
B,194.665,3.9255,0.043467234
B,195.289,4.0124,0.047548598
B,195.913,3.8634,0.040550632
B,196.537,3.3789,0.0177955
B,197.161,3.6522,0.030631367
B,197.784,4.2795,0.060093275
B,198.408,4.1304,0.053090612
B,199.032,3.9627,0.045214377
B,199.656,4.3975,0.065635289
B,200.28,5.2236,0.104434081
B,200.904,4.913,0.089846374
C,0,6.8634,0.076475045
C,0.624,6.6087,0.064414244
C,1.248,6.1925,0.044705938
C,1.872,6.0248,0.036764845
C,2.496,5.7516,0.023828014
C,3.12,5.5714,0.015295009
C,3.744,5.5031,0.012060801
C,4.367,5.7205,0.022355337
C,4.991,5.9255,0.032062695
C,5.615,6.1366,0.042058907
C,6.239,6.1863,0.04441235
C,6.863,6.1491,0.042650819
C,7.487,6.2857,0.049119235
C,8.111,6.0745,0.039118288
C,8.735,6.8509,0.075883133
C,9.359,8.1615,0.137943934
C,9.983,9.0932,0.182062695
C,10.607,9.118,0.183237049
C,11.231,8.9379,0.174708779
C,11.855,8.7019,0.163533479
C,12.479,9.4596,0.199412823
C,13.102,10.1925,0.234117814
C,13.726,11.4783,0.295004262
C,14.35,12.7578,0.355592386
C,14.974,13.323,0.382356284
C,15.598,15.5776,0.489118288
C,16.222,18.5466,0.629709253
C,16.846,18.9814,0.650298324
C,17.47,18.1242,0.609707359
C,18.094,17.5342,0.581769107
C,18.718,15.6025,0.490297377
C,19.342,13.0062,0.367354863
C,19.966,11.7826,0.30941377
C,20.59,10.8758,0.266474098
C,21.213,9.9006,0.220295483
C,21.837,11.2422,0.283824226
C,22.461,12.7764,0.356473151
C,23.085,12.354,0.336471257
C,23.709,11.8385,0.312060801
C,24.333,12.0745,0.323236102
C,24.957,12.7081,0.353238943
C,25.581,12.528,0.344710673
C,26.205,12.6522,0.350591912
C,26.829,13.1118,0.372355337
C,27.453,13.4534,0.388531111
C,28.077,13.3602,0.384117814
C,28.701,12.528,0.344710673
C,29.325,12.3665,0.337063169
C,29.948,13.0683,0.370295483
C,30.572,13.0683,0.370295483
C,31.196,12.5093,0.343825173
C,31.82,11.677,0.304413297
C,32.444,11.3913,0.290884553
C,33.068,11.6149,0.301472677
C,33.692,12.3665,0.337063169
C,34.316,14.2857,0.427942987
C,34.94,16.1801,0.517648452
C,35.564,15.646,0.492357231
C,36.188,14.7019,0.447651293
C,36.812,14.1615,0.422061748
C,37.436,12.559,0.346178615
C,38.059,10.6708,0.256766739
C,38.683,11.1304,0.278530164
C,39.307,13.1863,0.375883133
C,39.931,14.5714,0.44147173
C,40.555,14.7453,0.449706412
C,41.179,13.4658,0.389118288
C,41.803,12.2547,0.331769107
C,42.427,11.8696,0.313533479
C,43.051,11.3478,0.288824699
C,43.675,10.7143,0.258826593
C,44.299,10.5652,0.251766266
C,44.923,11.0186,0.273236102
C,45.547,12.5776,0.347059381
C,46.171,13.7143,0.400885501
C,46.794,13.9814,0.413533479
C,47.418,14.1801,0.422942513
C,48.042,13.6398,0.397357704
C,48.666,12.2547,0.331769107
C,49.29,11.8199,0.311180036
C,49.914,13.5714,0.394118761
C,50.538,16.2671,0.52176816
C,51.162,18.8075,0.642063642
C,51.786,19.0435,0.653238943
C,52.41,17.4969,0.580002841
C,53.034,17.2547,0.568533952
C,53.658,19.2609,0.663533479
C,54.282,21.118,0.751472677
C,54.905,19.913,0.69441235
C,55.529,18.4348,0.624415191
C,56.153,18.8944,0.646178615
C,56.777,20.0683,0.701766266
C,57.401,18.4224,0.623828014
C,58.025,15.0807,0.465588597
C,58.649,12.6087,0.348532058
C,59.273,10.6584,0.256179562
C,59.897,9.2857,0.191178142
C,60.521,9.1242,0.183530637
C,61.145,9.6584,0.208826593
C,61.769,9.441,0.198532058
C,62.393,9.3043,0.192058907
C,63.017,10.1366,0.231470783
C,63.64,11.3975,0.291178142
C,64.264,11.1118,0.277649399
C,64.888,9.9503,0.222648925
C,65.512,8.9193,0.173828014
C,66.136,8.3727,0.147944881
C,66.76,8.5714,0.157353916
C,67.384,8.2795,0.143531584
C,68.008,7.9752,0.129122076
C,68.632,7.7391,0.11794204
C,69.256,6.9938,0.082649872
C,69.88,6.3478,0.052059854
C,70.504,6.5093,0.059707359
C,71.128,6.8758,0.077062222
C,71.751,7.3913,0.101472677
C,72.375,7.205,0.092650819
C,72.999,6.6149,0.064707832
C,73.623,6.4783,0.058239417
C,74.247,5.9876,0.035003315
C,74.871,5.5342,0.013533479
C,75.495,5.6335,0.018235628
C,76.119,5.8882,0.03029643
C,76.743,6.087,0.0397102
C,77.367,5.882,0.030002841
C,77.991,5.6211,0.017648452
C,78.615,5.8944,0.030590018
C,79.239,6.1739,0.043825173
C,79.863,6.1242,0.04147173
C,80.486,5.8323,0.027649399
C,81.11,5.8075,0.026475045
C,81.734,5.6273,0.01794204
C,82.358,5.2795,0.001472677
C,82.982,5.5217,0.012941566
C,83.606,6.2919,0.049412823
C,84.23,6.4224,0.055592386
C,84.854,6.087,0.0397102
C,85.478,5.8075,0.026475045
C,86.102,5.8634,0.029122076
C,86.726,6.0932,0.040003788
C,87.35,6.3851,0.05382612
C,87.974,6.528,0.060592859
C,88.597,6.472,0.057941093
C,89.221,6.6894,0.068235628
C,89.845,6.4969,0.059120182
C,90.469,6.1056,0.040590965
C,91.093,5.9193,0.031769107
C,91.717,5.7267,0.022648925
C,92.341,5.7391,0.023236102
C,92.965,5.8385,0.027942987
C,93.589,5.7391,0.023236102
C,94.213,5.7453,0.02352969
C,94.837,5.6398,0.018533952
C,95.461,6.1056,0.040590965
C,96.085,6.5714,0.062647978
C,96.708,6.5155,0.060000947
C,97.332,6.2857,0.049119235
C,97.956,6.2112,0.045591439
C,98.58,6.0311,0.037063169
C,99.204,5.7888,0.025589544
C,99.828,6.2174,0.045885027
C,100.452,7.1056,0.087943934
C,101.076,6.8882,0.077649399
C,101.7,6.3665,0.052945355
C,102.324,6.3478,0.052059854
C,102.948,6.4845,0.058533005
C,103.572,5.7826,0.025295956
C,104.196,5.3292,0.00382612
C,104.82,6.0248,0.036764845
C,105.443,7.1677,0.090884553
C,106.067,7.6335,0.112941566
C,106.691,7.472,0.105294062
C,107.315,6.3665,0.052945355
C,107.939,5.9814,0.034709726
C,108.563,6.0559,0.038237522
C,109.187,6.1366,0.042058907
C,109.811,5.8447,0.028236575
C,110.435,5.6584,0.019414717
C,111.059,5.795,0.025883133
C,111.683,5.8199,0.027062222
C,112.307,5.764,0.024415191
C,112.931,5.7391,0.023236102
C,113.554,5.6087,0.017061275
C,114.178,5.8199,0.027062222
C,114.802,5.7143,0.022061748
C,115.426,5.5652,0.015001421
C,116.05,5.7081,0.02176816
C,116.674,5.6398,0.018533952
C,117.298,5.8075,0.026475045
C,117.922,5.8075,0.026475045
C,118.546,5.9006,0.030883606
C,119.17,5.9876,0.035003315
C,119.794,6.1056,0.040590965
C,120.418,6.472,0.057941093
C,121.042,6.2112,0.045591439
C,121.666,5.3602,0.005294062
C,122.289,5.2484,0
C,122.913,5.4224,0.008239417
C,123.537,5.7826,0.025295956
C,124.161,6.0311,0.037063169
C,124.785,5.6708,0.020001894
C,125.409,5.7888,0.025589544
C,126.033,5.9441,0.032943461
C,126.657,5.7081,0.02176816
C,127.281,5.7391,0.023236102
C,127.905,6.2236,0.046178615
C,128.529,6.3106,0.050298324
C,129.153,5.9503,0.033237049
C,129.777,5.5342,0.013533479
C,130.4,6.1056,0.040590965
C,131.024,6.6149,0.064707832
C,131.648,6.3975,0.054413297
C,132.272,5.8571,0.028823752
C,132.896,5.4161,0.007941093
C,133.52,5.2733,0.001179089
C,134.144,5.8571,0.028823752
C,134.768,6.5776,0.062941566
C,135.392,7.0932,0.087356757
C,136.016,7.1988,0.092357231
C,136.64,6.882,0.07735581
C,137.264,6.1242,0.04147173
C,137.888,5.7267,0.022648925
C,138.512,5.7205,0.022355337
C,139.135,6.087,0.0397102
C,139.759,6.1739,0.043825173
C,140.383,6.3416,0.051766266
C,141.007,6.354,0.052353443
C,141.631,6.1677,0.043531584
C,142.255,6.1801,0.044118761
C,142.879,6.1491,0.042650819
C,143.503,5.9255,0.032062695
C,144.127,6.0932,0.040003788
C,144.751,6.1242,0.04147173
C,145.375,6.0186,0.036471257
C,145.999,5.8385,0.027942987
C,146.623,5.7453,0.02352969
C,147.246,5.8261,0.02735581
C,147.87,6.1677,0.043531584
C,148.494,6.1925,0.044705938
C,149.118,5.7267,0.022648925
C,149.742,5.6025,0.016767686
C,150.366,5.472,0.010588124
C,150.99,5.472,0.010588124
C,151.614,5.6273,0.01794204
C,152.238,5.9814,0.034709726
C,152.862,5.9689,0.034117814
C,153.486,6.0435,0.037650346
C,154.11,6.2981,0.049706412
C,154.734,6.1677,0.043531584
C,155.358,5.8882,0.03029643
C,155.981,6.5901,0.063533479
C,156.605,7.1366,0.089411876
C,157.229,7.0373,0.084709726
C,157.853,6.4472,0.056766739
C,158.477,5.9317,0.032356284
C,159.101,5.8137,0.026768633
C,159.725,5.8944,0.030590018
C,160.349,5.7329,0.022942513
C,160.973,6.0124,0.036177668
C,161.597,6.0373,0.037356757
C,162.221,6.1429,0.042357231
C,162.845,6.2671,0.04823847
C,163.469,5.8199,0.027062222
C,164.092,5.3043,0.002647031
C,164.716,5.2609,0.000591912
C,165.34,5.7267,0.022648925
C,165.964,6.1739,0.043825173
C,166.588,5.9317,0.032356284
C,167.212,6.0062,0.03588408
C,167.836,6.0683,0.038824699
C,168.46,5.9006,0.030883606
C,169.084,5.3851,0.006473151
C,169.708,5.4037,0.007353916
C,170.332,6.118,0.041178142
C,170.956,6.4286,0.055885974
C,171.58,6.087,0.0397102
C,172.204,6.0311,0.037063169
C,172.827,6.8882,0.077649399
C,173.451,7.2547,0.095004262
C,174.075,7.3043,0.097352969
C,174.699,8.0994,0.135003315
C,175.323,8.3106,0.145004262
C,175.947,7.6149,0.112060801
C,176.571,7.1429,0.0897102
C,177.195,7.0248,0.084117814
C,177.819,7.0497,0.085296903
C,178.443,6.8634,0.076475045
C,179.067,5.5342,0.013533479
C,179.691,5.323,0.003532531
C,180.315,6.3106,0.050298324
C,180.938,6.8323,0.075002368
C,181.562,6.354,0.052353443
C,182.186,5.9006,0.030883606
C,182.81,5.5528,0.014414244
C,183.434,5.5404,0.013827067
C,184.058,5.5155,0.012647978
C,184.682,5.4596,0.010000947
C,185.306,5.8571,0.028823752
C,185.93,6.5652,0.06235439
C,186.554,6.2422,0.047059381
C,187.178,5.9689,0.034117814
C,187.802,6.3416,0.051766266
C,188.426,6.3789,0.053532531
C,189.05,6.1988,0.045004262
C,189.673,5.8944,0.030590018
C,190.297,5.9441,0.032943461
C,190.921,6.087,0.0397102
C,191.545,6.5031,0.05941377
C,192.169,6.8634,0.076475045
C,192.793,7.0062,0.083237049
C,193.417,7.0248,0.084117814
C,194.041,6.3727,0.053238943
C,194.665,5.7764,0.025002368
C,195.289,5.7143,0.022061748
C,195.913,6.3106,0.050298324
C,196.537,6.3727,0.053238943
C,197.161,6.0248,0.036764845
C,197.784,6.1118,0.040884553
C,198.408,5.7888,0.025589544
C,199.032,5.5404,0.013827067
C,199.656,6.3727,0.053238943
C,200.28,6.8323,0.075002368
C,200.904,6.1118,0.040884553
D,0,3.8758,0.160784216
D,0.624,4.0248,0.166965352
D,1.248,3.9193,0.162588776
D,1.872,4.0435,0.167741106
D,2.496,4.3168,0.17907872
D,3.12,4.7019,0.195054261
D,3.744,5.0124,0.207935086
D,4.367,4.8509,0.201235398
D,4.991,4.6335,0.192216746
D,5.615,4.8571,0.201492599
D,6.239,5.8075,0.240919123
D,6.863,5.9689,0.247614662
D,7.487,5.7267,0.237567204
D,8.111,6.1615,0.255604507
D,8.735,6.9441,0.288069992
D,9.359,7.0124,0.290903359
D,9.983,7.7019,0.319506671
D,10.607,8.323,0.345272468
D,11.231,8.472,0.351453604
D,11.855,8.7516,0.363052569
D,12.479,8.8758,0.368204898
D,13.102,9.4286,0.391137329
D,13.726,9.913,0.411232245
D,14.35,10.3043,0.427464987
D,14.974,10.2671,0.425921778
D,15.598,9.9876,0.414326961
D,16.222,10.087,0.418450485
D,16.846,11.1056,0.460706226
D,17.47,11.9006,0.493686114
D,18.094,12.6025,0.52280383
D,18.718,13.0932,0.543160096
D,19.342,13.7267,0.569440296
D,19.966,14.5963,0.605514901
D,20.59,15.3913,0.63849479
D,21.213,16.4907,0.684102449
D,21.837,18.0186,0.747486061
D,22.461,18.441,0.765008961
D,23.085,20.472,0.849263242
D,23.709,22.0124,0.913165406
D,24.333,22.6149,0.938159598
D,24.957,22.5528,0.935583433
D,25.581,22.4845,0.932750066
D,26.205,23.3913,0.970367881
D,26.829,23.0621,0.956711304
D,27.453,23.8261,0.988405184
D,28.077,23.472,0.973715651
D,28.701,23.0248,0.955163945
D,29.325,22.7702,0.944602084
D,29.948,22.2236,0.921926855
D,30.572,22.5839,0.93687359
D,31.196,24.1056,1
D,31.82,23.8261,0.988405184
D,32.444,22.4783,0.932492865
D,33.068,22.3665,0.927854938
D,33.692,21.8323,0.905694113
D,34.316,22.9938,0.953877937
D,34.94,22.6025,0.937645194
D,35.564,22.5093,0.933778873
D,36.188,21.5776,0.895128103
D,36.812,20.9317,0.868333499
D,37.436,20,0.829682729
D,38.059,20.764,0.86137661
D,38.683,20.118,0.834577857
D,39.307,20.0311,0.830972886
D,39.931,19.882,0.824787601
D,40.555,19.882,0.824787601
D,41.179,18.9814,0.787426988
D,41.803,18.7267,0.776860978
D,42.427,18.4845,0.766813521
D,43.051,18.087,0.750323576
D,43.675,17.3975,0.721720264
D,44.299,16.8385,0.698530632
D,44.923,16.9379,0.702654155
D,45.547,17.9689,0.7454243
D,46.171,17.6646,0.732800677
D,46.794,15.8199,0.65627489
D,47.418,15.4534,0.641070954
D,48.042,14.9068,0.618395725
D,48.666,14.5093,0.601905781
D,49.29,13.6708,0.567121333
D,49.914,13.2174,0.548312425
D,50.538,12.6646,0.525379995
D,51.162,12.0621,0.500385802
D,51.786,12.9006,0.535170251
D,52.41,12.6273,0.523832636
D,53.034,11.7453,0.487243628
D,53.658,11.7205,0.486214821
D,54.282,12.3043,0.51043326
D,54.905,11.9255,0.494719069
D,55.529,10.323,0.428240741
D,56.153,9.5031,0.394227897
D,56.777,8.6646,0.359443449
D,57.401,8.1553,0.338315578
D,58.025,8.5652,0.355319926
D,58.649,8.8137,0.365628734
D,59.273,8.6087,0.357124486
D,59.897,8.913,0.369748108
D,60.521,8.1553,0.338315578
D,61.145,8.2422,0.34192055
D,61.769,7.9565,0.330068532
D,62.393,7.472,0.309969468
D,63.017,6.6335,0.275185019
D,63.64,6.5342,0.271065644
D,64.264,6.4472,0.267456525
D,64.888,6.7764,0.281113102
D,65.512,6.6957,0.277765333
D,66.136,6.0807,0.252252589
D,66.76,5.441,0.225715187
D,67.384,5.118,0.21231581
D,68.008,5.5528,0.230353113
D,68.632,5.3913,0.223653425
D,69.256,5.5963,0.232157673
D,69.88,5.6708,0.235248241
D,70.504,5.9379,0.246328654
D,71.128,5.4845,0.227519746
D,71.751,5.1863,0.215149177
D,72.375,4.6522,0.1929925
D,72.999,4.8323,0.200463793
D,73.623,5.1801,0.214891975
D,74.247,5.0186,0.208192287
D,74.871,5.236,0.217210939
D,75.495,4.8571,0.201492599
D,76.119,4.8137,0.199692188
D,76.743,4.6832,0.194278508
D,77.367,4.2298,0.1754696
D,77.991,4.5776,0.189897783
D,78.615,4.8882,0.202782756
D,79.239,4.4907,0.186292812
D,79.863,4.528,0.18784017
D,80.486,4.3354,0.179850325
D,81.11,4.0932,0.169802867
D,81.734,4.2919,0.178045765
D,82.358,3.6211,0.150218207
D,82.982,3.9814,0.165164941
D,83.606,4.6398,0.192478096
D,84.23,4.3354,0.179850325
D,84.854,3.8137,0.158208051
D,85.478,4.2981,0.178302967
D,86.102,4.5963,0.190673536
D,86.726,4.5839,0.190159133
D,87.35,4.2112,0.174697995
D,87.974,4.2857,0.177788564
D,88.597,4.4286,0.183716647
D,89.221,4.5155,0.187321618
D,89.845,4.4658,0.185259857
D,90.469,4.7516,0.197116023
D,91.093,4.1615,0.172636234
D,91.717,4.2174,0.174955197
D,92.341,4.087,0.169545666
D,92.965,4.0497,0.167998307
D,93.589,3.9503,0.163874784
D,94.213,3.9317,0.163103179
D,94.837,4.1677,0.172893436
D,95.461,4.087,0.169545666
D,96.085,4.0745,0.169027114
D,96.708,4.1491,0.172121831
D,97.332,4.4286,0.183716647
D,97.956,4.4534,0.184745453
D,98.58,4.3913,0.182169288
D,99.204,4.7826,0.198402031
D,99.828,4.5528,0.188868977
D,100.452,4.441,0.18423105
D,101.076,4.5839,0.190159133
D,101.7,4.4969,0.186550013
D,102.324,4.3416,0.180107527
D,102.948,4.6335,0.192216746
D,103.572,4.5776,0.189897783
D,104.196,4.6273,0.191959545
D,104.82,4.6957,0.19479706
D,105.443,4.4099,0.182940893
D,106.067,4.5342,0.188097372
D,106.691,4.323,0.179335922
D,107.315,4.3478,0.180364729
D,107.939,3.9193,0.162588776
D,108.563,4.3665,0.181140482
D,109.187,4.6087,0.19118794
D,109.811,4.528,0.18784017
D,110.435,4.5404,0.188354573
D,111.059,4.646,0.192735298
D,111.683,5.1988,0.215667729
D,112.307,4.7516,0.197116023
D,112.931,4.7453,0.196854673
D,113.554,4.677,0.194021306
D,114.178,4.3975,0.18242649
D,114.802,4.9006,0.203297159
D,115.426,5.0932,0.211287004
D,116.05,5.2112,0.216182132
D,116.674,5.1988,0.215667729
D,117.298,4.7578,0.197373224
D,117.922,4.7205,0.195825866
D,118.546,4.6584,0.193249701
D,119.17,4.1677,0.172893436
D,119.794,3.8137,0.158208051
D,120.418,4.2174,0.174955197
D,121.042,4.0621,0.168512711
D,121.666,4.323,0.179335922
D,122.289,3.9503,0.163874784
D,122.913,3.9503,0.163874784
D,123.537,4.2671,0.177016959
D,124.161,4.0932,0.169802867
D,124.785,4.1304,0.171346077
D,125.409,4.118,0.170831674
D,126.033,4.0994,0.170060069
D,126.657,4.0807,0.169284316
D,127.281,3.9689,0.164646389
D,127.905,4.0745,0.169027114
D,128.529,4.3478,0.180364729
D,129.153,4.0807,0.169284316
D,129.777,4.0062,0.166193748
D,130.4,3.9068,0.162070224
D,131.024,4,0.165936546
D,131.648,3.8571,0.160008463
D,132.272,4.1491,0.172121831
D,132.896,4.441,0.18423105
D,133.52,4.3354,0.179850325
D,134.144,4.1429,0.171864629
D,134.768,3.4969,0.145065877
D,135.392,3.9627,0.164389188
D,136.016,4.1801,0.173407839
D,136.64,4.2298,0.1754696
D,137.264,4.4037,0.182683692
D,137.888,4.087,0.169545666
D,138.512,3.8261,0.158722455
D,139.135,3.8261,0.158722455
D,139.759,3.7516,0.155631886
D,140.383,3.8944,0.161555821
D,141.007,4.1988,0.174183592
D,141.631,3.9317,0.163103179
D,142.255,3.6894,0.153051573
D,142.879,3.7391,0.155113335
D,143.503,3.8758,0.160784216
D,144.127,3.913,0.162327426
D,144.751,4.0994,0.170060069
D,145.375,3.8509,0.159751261
D,145.999,3.8634,0.160269813
D,146.623,3.7329,0.154856133
D,147.246,3.5652,0.147899243
D,147.87,3.5342,0.146613235
D,148.494,3.3851,0.14042795
D,149.118,3.7143,0.154084528
D,149.742,3.5342,0.146613235
D,150.366,3.8012,0.1576895
D,150.99,3.8199,0.158465253
D,151.614,3.6149,0.149961005
D,152.238,3.5466,0.147127638
D,152.862,3.4907,0.144808675
D,153.486,3.5342,0.146613235
D,154.11,3.5217,0.146094683
D,154.734,3.6646,0.152022766
D,155.358,3.882,0.161041418
D,155.981,3.5155,0.145837482
D,156.605,3.5031,0.145323078
D,157.229,3.0435,0.126256969
D,157.853,2.9938,0.124195208
D,158.477,2.9255,0.121361841
D,159.101,3.0248,0.125481216
D,159.725,2.8199,0.116981116
D,160.349,2.913,0.12084329
D,160.973,3.1677,0.131409299
D,161.597,3.4783,0.144294272
D,162.221,3.7019,0.153570125
D,162.845,3.4907,0.144808675
D,163.469,3.4037,0.141199555
D,164.092,2.9689,0.123162253
D,164.716,3.0932,0.128318731
D,165.34,2.9814,0.123680804
D,165.964,3.1925,0.132438106
D,166.588,2.9503,0.122390648
D,167.212,3,0.124452409
D,167.836,3.2733,0.135790024
D,168.46,3.0186,0.125224014
D,169.084,2.8323,0.11749552
D,169.708,2.795,0.115948161
D,170.332,3.0062,0.124709611
D,170.956,3.1366,0.130119142
D,171.58,3.2112,0.133213859
D,172.204,3.4161,0.141713959
D,172.827,3.3665,0.139656345
D,173.451,3.7267,0.154598931
D,174.075,3.1801,0.131923702
D,174.699,3.0248,0.125481216
D,175.323,3.0062,0.124709611
D,175.947,3.3727,0.139913547
D,176.571,3.7826,0.156917895
D,177.195,3.2236,0.133728262
D,177.819,3.236,0.134242666
D,178.443,3.3851,0.14042795
D,179.067,3.4783,0.144294272
D,179.691,3.3043,0.137076032
D,180.315,3.6522,0.151508363
D,180.938,3.7888,0.157175096
D,181.562,3.4658,0.14377572
D,182.186,3.6832,0.152794371
D,182.81,3.8323,0.158979656
D,183.434,3.8012,0.1576895
D,184.058,4.1615,0.172636234
D,184.682,4.236,0.175726802
D,185.306,4.5031,0.186807215
D,185.93,4.5155,0.187321618
D,186.554,5.1304,0.212830214
D,187.178,4.7081,0.195311463
D,187.802,4.6398,0.192478096
D,188.426,4.9193,0.204072913
D,189.05,4.764,0.197630426
D,189.673,4.9814,0.206649077
D,190.297,4.646,0.192735298
D,190.921,4.9379,0.204844517
D,191.545,4.4658,0.185259857
D,192.169,4.354,0.18062193
D,192.793,4.5155,0.187321618
D,193.417,4.4348,0.183973848
D,194.041,4.2422,0.175984004
D,194.665,4.3043,0.178560169
D,195.289,4.087,0.169545666
D,195.913,4.0807,0.169284316
D,196.537,4.441,0.18423105
D,197.161,4.2298,0.1754696
D,197.784,4.0932,0.169802867
D,198.408,4.1429,0.171864629
D,199.032,4.3416,0.180107527
D,199.656,4.5466,0.188611775
D,200.28,4.5155,0.187321618
D,200.904,4.7267,0.196083068