mouse,distance_microns,grey_value,grey_value_normalised,min,max
A,0,1.857,0.005332127,0.596,237.087
A,0.624,3.789,0.013501571,0.596,237.087
A,1.248,6.466,0.024821241,0.596,237.087
A,1.872,5.963,0.02269431,0.596,237.087
A,2.496,5.211,0.019514485,0.596,237.087
A,3.12,8.621,0.033933638,0.596,237.087
A,3.744,18.317,0.074933084,0.596,237.087
A,4.367,23.994,0.098938226,0.596,237.087
A,4.991,28.801,0.119264581,0.596,237.087
A,5.615,41.925,0.174759293,0.596,237.087
A,6.239,60.553,0.253527618,0.596,237.087
A,6.863,83.422,0.350228973,0.596,237.087
A,7.487,94.888,0.398712847,0.596,237.087
A,8.111,93.453,0.392644963,0.596,237.087
A,8.735,102.385,0.430413842,0.596,237.087
A,9.359,123.205,0.518451019,0.596,237.087
A,9.983,140.994,0.593671641,0.596,237.087
A,10.607,154.025,0.648773103,0.596,237.087
A,11.231,161.441,0.680131591,0.596,237.087
A,11.855,166.596,0.70192946,0.596,237.087
A,12.479,172.093,0.725173474,0.596,237.087
A,13.102,183.658,0.774075969,0.596,237.087
A,13.726,194.106,0.81825524,0.596,237.087
A,14.35,202.13,0.85218465,0.596,237.087
A,14.974,207.814,0.876219391,0.596,237.087
A,15.598,210.64,0.888169106,0.596,237.087
A,16.222,215.876,0.910309483,0.596,237.087
A,16.846,217.28,0.916246284,0.596,237.087
A,17.47,219.217,0.924436871,0.596,237.087
A,18.094,219.354,0.925016174,0.596,237.087
A,18.718,222.236,0.937202684,0.596,237.087
A,19.342,218.776,0.922572106,0.596,237.087
A,19.966,220.814,0.93118977,0.596,237.087
A,20.59,225.733,0.951989716,0.596,237.087
A,21.213,221.248,0.933024935,0.596,237.087
A,21.837,220.311,0.92906284,0.596,237.087
A,22.461,221.137,0.932555573,0.596,237.087
A,23.085,223.882,0.94416278,0.596,237.087
A,23.709,227.286,0.958556562,0.596,237.087
A,24.333,231.727,0.97733529,0.596,237.087
A,24.957,229.422,0.967588619,0.596,237.087
A,25.581,228.745,0.96472593,0.596,237.087
A,26.205,227.497,0.959448774,0.596,237.087
A,26.829,222.559,0.938568487,0.596,237.087
A,27.453,217.882,0.918791836,0.596,237.087
A,28.077,219.124,0.924043621,0.596,237.087
A,28.701,209.87,0.884913168,0.596,237.087
A,29.325,209.46,0.883179487,0.596,237.087
A,29.948,224.484,0.946708331,0.596,237.087
A,30.572,237.087,1,0.596,237.087
A,31.196,232.453,0.980405174,0.596,237.087
A,31.82,230.273,0.971187064,0.596,237.087
A,32.444,236.037,0.995560085,0.596,237.087
A,33.068,235.416,0.992934192,0.596,237.087
A,33.692,227.702,0.960315615,0.596,237.087
A,34.316,221.106,0.93242449,0.596,237.087
A,34.94,216.752,0.914013641,0.596,237.087
A,35.564,216,0.910833816,0.596,237.087
A,36.188,214.161,0.903057622,0.596,237.087
A,36.812,203.447,0.857753572,0.596,237.087
A,37.436,205.54,0.866603803,0.596,237.087
A,38.059,195.975,0.826158289,0.596,237.087
A,38.683,178.087,0.750519047,0.596,237.087
A,39.307,160.764,0.677268902,0.596,237.087
A,39.931,150.311,0.633068489,0.596,237.087
A,40.555,145.988,0.614788723,0.596,237.087
A,41.179,136.025,0.57266027,0.596,237.087
A,41.803,133.528,0.562101729,0.596,237.087
A,42.427,130.975,0.551306392,0.596,237.087
A,43.051,117.957,0.4962599,0.596,237.087
A,43.675,100.795,0.423690542,0.596,237.087
A,44.299,82.404,0.345924369,0.596,237.087
A,44.923,71.578,0.300146729,0.596,237.087
A,45.547,65.329,0.27372289,0.596,237.087
A,46.171,62.199,0.260487714,0.596,237.087
A,46.794,52,0.217361337,0.596,237.087
A,47.418,38.938,0.162128791,0.596,237.087
A,48.042,31.075,0.128880169,0.596,237.087
A,48.666,30.702,0.127302942,0.596,237.087
A,49.29,26.901,0.111230449,0.596,237.087
A,49.914,20.702,0.085018035,0.596,237.087
A,50.538,14.478,0.058699908,0.596,237.087
A,51.162,10.969,0.043862134,0.596,237.087
A,51.786,9.975,0.039659015,0.596,237.087
A,52.41,11.981,0.048141367,0.596,237.087
A,53.034,11.857,0.047617034,0.596,237.087
A,53.658,10.168,0.040475113,0.596,237.087
A,54.282,8.174,0.032043503,0.596,237.087
A,54.905,9.124,0.036060569,0.596,237.087
A,55.529,9.528,0.037768879,0.596,237.087
A,56.153,7.957,0.03112592,0.596,237.087
A,56.777,7.211,0.027971466,0.596,237.087
A,57.401,6.708,0.025844535,0.596,237.087
A,58.025,5.739,0.021747128,0.596,237.087
A,58.649,5.149,0.019252318,0.596,237.087
A,59.273,3.559,0.012529018,0.596,237.087
A,59.897,3.596,0.012685472,0.596,237.087
A,60.521,5.087,0.018990152,0.596,237.087
A,61.145,4.161,0.015074569,0.596,237.087
A,61.769,2.553,0.008275156,0.596,237.087
A,62.393,1.888,0.00546321,0.596,237.087
A,63.017,1.826,0.005201044,0.596,237.087
A,63.64,1.72,0.004752824,0.596,237.087
A,64.264,2.056,0.006173596,0.596,237.087
A,64.888,2.261,0.007040437,0.596,237.087
A,65.512,1.938,0.005674635,0.596,237.087
A,66.136,1.758,0.004913506,0.596,237.087
A,66.76,1.969,0.005805718,0.596,237.087
A,67.384,1.925,0.005619664,0.596,237.087
A,68.008,1.82,0.005175673,0.596,237.087
A,68.632,2.099,0.006355422,0.596,237.087
A,69.256,2.534,0.008194815,0.596,237.087
A,69.88,2.627,0.008588065,0.596,237.087
A,70.504,2.118,0.006435763,0.596,237.087
A,71.128,2.05,0.006148226,0.596,237.087
A,71.751,2.596,0.008456981,0.596,237.087
A,72.375,3.112,0.010638883,0.596,237.087
A,72.999,3.168,0.010875678,0.596,237.087
A,73.623,2.516,0.008118702,0.596,237.087
A,74.247,2.193,0.0067529,0.596,237.087
A,74.871,2.012,0.005987543,0.596,237.087
A,75.495,2.025,0.006042513,0.596,237.087
A,76.119,1.534,0.003966324,0.596,237.087
A,76.743,1.366,0.003255938,0.596,237.087
A,77.367,1.59,0.00420312,0.596,237.087
A,77.991,1.547,0.004021295,0.596,237.087
A,78.615,1.54,0.003991695,0.596,237.087
A,79.239,1.602,0.004253862,0.596,237.087
A,79.863,1.789,0.005044589,0.596,237.087
A,80.486,2.019,0.006017142,0.596,237.087
A,81.11,1.783,0.005019218,0.596,237.087
A,81.734,1.789,0.005044589,0.596,237.087
A,82.358,2.106,0.006385021,0.596,237.087
A,82.982,1.919,0.005594293,0.596,237.087
A,83.606,2.242,0.006960096,0.596,237.087
A,84.23,2.882,0.00966633,0.596,237.087
A,84.854,4.012,0.014444524,0.596,237.087
A,85.478,3.708,0.013159063,0.596,237.087
A,86.102,2.596,0.008456981,0.596,237.087
A,86.726,1.826,0.005201044,0.596,237.087
A,87.35,1.534,0.003966324,0.596,237.087
A,87.974,1.565,0.004097408,0.596,237.087
A,88.597,1.969,0.005805718,0.596,237.087
A,89.221,1.981,0.00585646,0.596,237.087
A,89.845,1.478,0.003729529,0.596,237.087
A,90.469,1.429,0.003522333,0.596,237.087
A,91.093,1.602,0.004253862,0.596,237.087
A,91.717,1.696,0.00465134,0.596,237.087
A,92.341,1.491,0.003784499,0.596,237.087
A,92.965,1.665,0.004520257,0.596,237.087
A,93.589,1.708,0.004702082,0.596,237.087
A,94.213,1.211,0.002600522,0.596,237.087
A,94.837,1.236,0.002706234,0.596,237.087
A,95.461,1.248,0.002756976,0.596,237.087
A,96.085,1.267,0.002837317,0.596,237.087
A,96.708,1.211,0.002600522,0.596,237.087
A,97.332,1.335,0.003124855,0.596,237.087
A,97.956,1.292,0.00294303,0.596,237.087
A,98.58,1.373,0.003285537,0.596,237.087
A,99.204,1.317,0.003048742,0.596,237.087
A,99.828,1.174,0.002444068,0.596,237.087
A,100.452,1.168,0.002418697,0.596,237.087
A,101.076,1.193,0.002524409,0.596,237.087
A,101.7,1.087,0.002076189,0.596,237.087
A,102.324,1.224,0.002655492,0.596,237.087
A,102.948,1.031,0.001839393,0.596,237.087
A,103.572,1.112,0.002181901,0.596,237.087
A,104.196,1.106,0.00215653,0.596,237.087
A,104.82,1.099,0.002126931,0.596,237.087
A,105.443,1.292,0.00294303,0.596,237.087
A,106.067,1.242,0.002731605,0.596,237.087
A,106.691,1.205,0.002575151,0.596,237.087
A,107.315,1.348,0.003179825,0.596,237.087
A,107.939,1.292,0.00294303,0.596,237.087
A,108.563,1.391,0.00336165,0.596,237.087
A,109.187,1.261,0.002811946,0.596,237.087
A,109.811,1.261,0.002811946,0.596,237.087
A,110.435,1.391,0.00336165,0.596,237.087
A,111.059,1.354,0.003205196,0.596,237.087
A,111.683,1.199,0.00254978,0.596,237.087
A,112.307,1.18,0.002469439,0.596,237.087
A,112.931,1.248,0.002756976,0.596,237.087
A,113.554,1.211,0.002600522,0.596,237.087
A,114.178,1.124,0.002232643,0.596,237.087
A,114.802,1.255,0.002786575,0.596,237.087
A,115.426,1.373,0.003285537,0.596,237.087
A,116.05,1.217,0.002625893,0.596,237.087
A,116.674,1.087,0.002076189,0.596,237.087
A,117.298,1.161,0.002389097,0.596,237.087
A,117.922,1.161,0.002389097,0.596,237.087
A,118.546,1.186,0.00249481,0.596,237.087
A,119.17,1.149,0.002338355,0.596,237.087
A,119.794,1.242,0.002731605,0.596,237.087
A,120.418,1.311,0.003023371,0.596,237.087
A,121.042,1.205,0.002575151,0.596,237.087
A,121.666,1.317,0.003048742,0.596,237.087
A,122.289,1.273,0.002862688,0.596,237.087
A,122.913,1.199,0.00254978,0.596,237.087
A,123.537,1.379,0.003310908,0.596,237.087
A,124.161,1.348,0.003179825,0.596,237.087
A,124.785,1.05,0.001919735,0.596,237.087
A,125.409,1.149,0.002338355,0.596,237.087
A,126.033,1.205,0.002575151,0.596,237.087
A,126.657,1.193,0.002524409,0.596,237.087
A,127.281,1.025,0.001814023,0.596,237.087
A,127.905,0.938,0.001446144,0.596,237.087
A,128.529,0.795,0.00084147,0.596,237.087
A,129.153,0.876,0.001183977,0.596,237.087
A,129.777,1.006,0.001733681,0.596,237.087
A,130.4,0.882,0.001209348,0.596,237.087
A,131.024,1.081,0.002050818,0.596,237.087
A,131.648,1.329,0.003099484,0.596,237.087
A,132.272,1.416,0.003467362,0.596,237.087
A,132.896,1.304,0.002993771,0.596,237.087
A,133.52,1.261,0.002811946,0.596,237.087
A,134.144,1.099,0.002126931,0.596,237.087
A,134.768,0.826,0.000972553,0.596,237.087
A,135.392,0.882,0.001209348,0.596,237.087
A,136.016,0.938,0.001446144,0.596,237.087
A,136.64,1.242,0.002731605,0.596,237.087
A,137.264,1.031,0.001839393,0.596,237.087
A,137.888,1.075,0.002025447,0.596,237.087
A,138.512,1.075,0.002025447,0.596,237.087
A,139.135,1.261,0.002811946,0.596,237.087
A,139.759,1.019,0.001788652,0.596,237.087
A,140.383,1.037,0.001864764,0.596,237.087
A,141.007,0.938,0.001446144,0.596,237.087
A,141.631,0.876,0.001183977,0.596,237.087
A,142.255,0.981,0.001627969,0.596,237.087
A,142.879,0.876,0.001183977,0.596,237.087
A,143.503,0.975,0.001602598,0.596,237.087
A,144.127,0.975,0.001602598,0.596,237.087
A,144.751,0.994,0.001682939,0.596,237.087
A,145.375,1.031,0.001839393,0.596,237.087
A,145.999,1.019,0.001788652,0.596,237.087
A,146.623,0.913,0.001340432,0.596,237.087
A,147.246,0.944,0.001471515,0.596,237.087
A,147.87,1.05,0.001919735,0.596,237.087
A,148.494,0.925,0.001391173,0.596,237.087
A,149.118,1.118,0.002207272,0.596,237.087
A,149.742,1.043,0.001890135,0.596,237.087
A,150.366,0.944,0.001471515,0.596,237.087
A,150.99,0.944,0.001471515,0.596,237.087
A,151.614,0.913,0.001340432,0.596,237.087
A,152.238,0.938,0.001446144,0.596,237.087
A,152.862,0.851,0.001078265,0.596,237.087
A,153.486,1.05,0.001919735,0.596,237.087
A,154.11,1.037,0.001864764,0.596,237.087
A,154.734,1.112,0.002181901,0.596,237.087
A,155.358,1.118,0.002207272,0.596,237.087
A,155.981,0.988,0.001657568,0.596,237.087
A,156.605,0.963,0.001551856,0.596,237.087
A,157.229,0.981,0.001627969,0.596,237.087
A,157.853,0.994,0.001682939,0.596,237.087
A,158.477,1,0.00170831,0.596,237.087
A,159.101,0.876,0.001183977,0.596,237.087
A,159.725,0.733,0.000579303,0.596,237.087
A,160.349,0.807,0.000892212,0.596,237.087
A,160.973,1.019,0.001788652,0.596,237.087
A,161.597,1.012,0.001759052,0.596,237.087
A,162.221,0.807,0.000892212,0.596,237.087
A,162.845,0.888,0.001234719,0.596,237.087
A,163.469,0.988,0.001657568,0.596,237.087
A,164.092,0.969,0.001577227,0.596,237.087
A,164.716,0.876,0.001183977,0.596,237.087
A,165.34,0.894,0.00126009,0.596,237.087
A,165.964,0.925,0.001391173,0.596,237.087
A,166.588,0.826,0.000972553,0.596,237.087
A,167.212,1.037,0.001864764,0.596,237.087
A,167.836,0.944,0.001471515,0.596,237.087
A,168.46,0.689,0.00039325,0.596,237.087
A,169.084,0.652,0.000236795,0.596,237.087
A,169.708,0.839,0.001027523,0.596,237.087
A,170.332,0.826,0.000972553,0.596,237.087
A,170.956,0.845,0.001052894,0.596,237.087
A,171.58,0.665,0.000291766,0.596,237.087
A,172.204,0.596,0,0.596,237.087
A,172.827,0.783,0.000790728,0.596,237.087
A,173.451,1.031,0.001839393,0.596,237.087
A,174.075,0.957,0.001526485,0.596,237.087
A,174.699,1.025,0.001814023,0.596,237.087
A,175.323,0.814,0.000921811,0.596,237.087
A,175.947,0.845,0.001052894,0.596,237.087
A,176.571,0.863,0.001129007,0.596,237.087
A,177.195,0.845,0.001052894,0.596,237.087
A,177.819,0.925,0.001391173,0.596,237.087
A,178.443,0.863,0.001129007,0.596,237.087
A,179.067,0.745,0.000630045,0.596,237.087
A,179.691,0.845,0.001052894,0.596,237.087
A,180.315,0.745,0.000630045,0.596,237.087
A,180.938,0.634,0.000160683,0.596,237.087
A,181.562,0.621,0.000105712,0.596,237.087
A,182.186,0.745,0.000630045,0.596,237.087
A,182.81,0.839,0.001027523,0.596,237.087
A,183.434,0.789,0.000816099,0.596,237.087
A,184.058,0.87,0.001158606,0.596,237.087
A,184.682,0.814,0.000921811,0.596,237.087
A,185.306,0.783,0.000790728,0.596,237.087
A,185.93,0.776,0.000761128,0.596,237.087
A,186.554,0.801,0.000866841,0.596,237.087
A,187.178,0.739,0.000604674,0.596,237.087
A,187.802,0.807,0.000892212,0.596,237.087
A,188.426,0.621,0.000105712,0.596,237.087
A,189.05,0.845,0.001052894,0.596,237.087
A,189.673,0.783,0.000790728,0.596,237.087
A,190.297,0.689,0.00039325,0.596,237.087
A,190.921,0.894,0.00126009,0.596,237.087
A,191.545,0.932,0.001420773,0.596,237.087
A,192.169,0.901,0.00128969,0.596,237.087
A,192.793,0.832,0.000997924,0.596,237.087
A,193.417,0.901,0.00128969,0.596,237.087
A,194.041,0.87,0.001158606,0.596,237.087
A,194.665,0.795,0.00084147,0.596,237.087
A,195.289,0.82,0.000947182,0.596,237.087
A,195.913,0.832,0.000997924,0.596,237.087
A,196.537,0.696,0.000422849,0.596,237.087
A,197.161,0.783,0.000790728,0.596,237.087
A,197.784,0.776,0.000761128,0.596,237.087
A,198.408,0.696,0.000422849,0.596,237.087
A,199.032,0.764,0.000710386,0.596,237.087
A,199.656,0.745,0.000630045,0.596,237.087
A,200.28,0.634,0.000160683,0.596,237.087
A,200.904,0.783,0.000790728,0.596,237.087
B,0,4.9938,0.08574158,3.2795,23.2733
B,0.624,5.118,0.091953506,3.2795,23.2733
B,1.248,5.2981,0.100961298,3.2795,23.2733
B,1.872,5.354,0.103757165,3.2795,23.2733
B,2.496,5.2174,0.096925047,3.2795,23.2733
B,3.12,4.9752,0.084811292,3.2795,23.2733
B,3.744,4.9379,0.082945713,3.2795,23.2733
B,4.367,5.1677,0.094439276,3.2795,23.2733
B,4.991,5.472,0.109658994,3.2795,23.2733
B,5.615,5.5155,0.111834669,3.2795,23.2733
B,6.239,5.3292,0.10251678,3.2795,23.2733
B,6.863,5.2981,0.100961298,3.2795,23.2733
B,7.487,5.0248,0.087292061,3.2795,23.2733
B,8.111,4.795,0.075798498,3.2795,23.2733
B,8.735,4.8199,0.077043884,3.2795,23.2733
B,9.359,5.1056,0.091333313,3.2795,23.2733
B,9.983,5.2236,0.097235143,3.2795,23.2733
B,10.607,5.0186,0.086981964,3.2795,23.2733
B,11.231,5.0559,0.088847543,3.2795,23.2733
B,11.855,5.7578,0.123953426,3.2795,23.2733
B,12.479,7.2298,0.197576249,3.2795,23.2733
B,13.102,9.0683,0.289529754,3.2795,23.2733
B,13.726,10.3292,0.352594304,3.2795,23.2733
B,14.35,10.559,0.364087867,3.2795,23.2733
B,14.974,10.5714,0.364708059,3.2795,23.2733
B,15.598,11.8012,0.426217127,3.2795,23.2733
B,16.222,13.9379,0.533085256,3.2795,23.2733
B,16.846,16.7267,0.672568496,3.2795,23.2733
B,17.47,18.9627,0.784403165,3.2795,23.2733
B,18.094,18.6149,0.767007772,3.2795,23.2733
B,18.718,16.5652,0.664490992,3.2795,23.2733
B,19.342,15.0621,0.589312687,3.2795,23.2733
B,19.966,14.472,0.559798538,3.2795,23.2733
B,20.59,14.3043,0.551410937,3.2795,23.2733
B,21.213,14.4348,0.557937961,3.2795,23.2733
B,21.837,15.7329,0.622863088,3.2795,23.2733
B,22.461,18.6087,0.766697676,3.2795,23.2733
B,23.085,21.2919,0.900899279,3.2795,23.2733
B,23.709,22.3851,0.955576229,3.2795,23.2733
B,24.333,22.0807,0.940351509,3.2795,23.2733
B,24.957,21.5528,0.913948324,3.2795,23.2733
B,25.581,21.8323,0.927927658,3.2795,23.2733
B,26.205,22.2174,0.947188628,3.2795,23.2733
B,26.829,21.646,0.918609769,3.2795,23.2733
B,27.453,21.3043,0.901519471,3.2795,23.2733
B,28.077,21.764,0.924511599,3.2795,23.2733
B,28.701,22.3168,0.95216017,3.2795,23.2733
B,29.325,22.9193,0.982294511,3.2795,23.2733
B,29.948,23.2733,1,3.2795,23.2733
B,30.572,22.5031,0.961478058,3.2795,23.2733
B,31.196,21.354,0.904005242,3.2795,23.2733
B,31.82,20.1988,0.84622733,3.2795,23.2733
B,32.444,19.3727,0.804909522,3.2795,23.2733
B,33.068,18.8509,0.778811432,3.2795,23.2733
B,33.692,18.5528,0.76390181,3.2795,23.2733
B,34.316,18.5839,0.765457292,3.2795,23.2733
B,34.94,19.7081,0.821684722,3.2795,23.2733
B,35.564,20.913,0.881948404,3.2795,23.2733
B,36.188,20.7143,0.872010323,3.2795,23.2733
B,36.812,19.2484,0.798692595,3.2795,23.2733
B,37.436,17.3602,0.704253319,3.2795,23.2733
B,38.059,16.7453,0.673498785,3.2795,23.2733
B,38.683,16.7764,0.675054267,3.2795,23.2733
B,39.307,16.528,0.662630415,3.2795,23.2733
B,39.931,15.7516,0.623798377,3.2795,23.2733
B,40.555,15.4161,0.607018176,3.2795,23.2733
B,41.179,15.9689,0.634666747,3.2795,23.2733
B,41.803,17.0248,0.687478118,3.2795,23.2733
B,42.427,18.1242,0.742465164,3.2795,23.2733
B,43.051,18.6708,0.769803639,3.2795,23.2733
B,43.675,18.4348,0.75799998,3.2795,23.2733
B,44.299,18.4099,0.756754594,3.2795,23.2733
B,44.923,19.0124,0.786888936,3.2795,23.2733
B,45.547,19.528,0.81267693,3.2795,23.2733
B,46.171,19.1615,0.794346247,3.2795,23.2733
B,46.794,19.323,0.802423751,3.2795,23.2733
B,47.418,20.0559,0.839080115,3.2795,23.2733
B,48.042,19.5155,0.812051736,3.2795,23.2733
B,48.666,18.9193,0.782232492,3.2795,23.2733
B,49.29,18.1304,0.74277526,3.2795,23.2733
B,49.914,17.1304,0.692759756,3.2795,23.2733
B,50.538,15.8075,0.626594244,3.2795,23.2733
B,51.162,14.6398,0.568191139,3.2795,23.2733
B,51.786,13.7081,0.521591693,3.2795,23.2733
B,52.41,12.9938,0.485865618,3.2795,23.2733
B,53.034,12.6894,0.470640899,3.2795,23.2733
B,53.658,13.1615,0.494253218,3.2795,23.2733
B,54.282,14.2547,0.548930168,3.2795,23.2733
B,54.905,14.9627,0.584341146,3.2795,23.2733
B,55.529,15.2174,0.597080095,3.2795,23.2733
B,56.153,15.9503,0.633736458,3.2795,23.2733
B,56.777,16.2174,0.6470956,3.2795,23.2733
B,57.401,15.4037,0.606397983,3.2795,23.2733
B,58.025,13.6957,0.520971501,3.2795,23.2733
B,58.649,12.236,0.447963869,3.2795,23.2733
B,59.273,11.528,0.412552891,3.2795,23.2733
B,59.897,11.3106,0.401679521,3.2795,23.2733
B,60.521,11.1242,0.392356631,3.2795,23.2733
B,61.145,10.7329,0.372785564,3.2795,23.2733
B,61.769,10.795,0.375891526,3.2795,23.2733
B,62.393,10.7267,0.372475467,3.2795,23.2733
B,63.017,10.3478,0.353524593,3.2795,23.2733
B,63.64,9.8261,0.327431504,3.2795,23.2733
B,64.264,9.0621,0.289219658,3.2795,23.2733
B,64.888,8.0994,0.241069732,3.2795,23.2733
B,65.512,7.0248,0.18732307,3.2795,23.2733
B,66.136,6.8634,0.179250568,3.2795,23.2733
B,66.76,6.7888,0.175519411,3.2795,23.2733
B,67.384,6.2609,0.149116226,3.2795,23.2733
B,68.008,5.7143,0.121777751,3.2795,23.2733
B,68.632,5.3416,0.103136972,3.2795,23.2733
B,69.256,5.2981,0.100961298,3.2795,23.2733
B,69.88,5.2236,0.097235143,3.2795,23.2733
B,70.504,5.1429,0.093198892,3.2795,23.2733
B,71.128,5.1988,0.095994758,3.2795,23.2733
B,71.751,5.4099,0.106553031,3.2795,23.2733
B,72.375,5.6087,0.116496114,3.2795,23.2733
B,72.999,5.3602,0.104067261,3.2795,23.2733
B,73.623,4.9068,0.081390231,3.2795,23.2733
B,74.247,4.8261,0.07735398,3.2795,23.2733
B,74.871,4.6149,0.066790705,3.2795,23.2733
B,75.495,4.5342,0.062754454,3.2795,23.2733
B,76.119,4.8385,0.077974172,3.2795,23.2733
B,76.743,4.9441,0.083255809,3.2795,23.2733
B,77.367,4.7702,0.074558113,3.2795,23.2733
B,77.991,4.8075,0.076423691,3.2795,23.2733
B,78.615,5.0311,0.087607158,3.2795,23.2733
B,79.239,4.8199,0.077043884,3.2795,23.2733
B,79.863,4.4224,0.05716272,3.2795,23.2733
B,80.486,4.2298,0.047529734,3.2795,23.2733
B,81.11,4.2422,0.048149926,3.2795,23.2733
B,81.734,4.2857,0.050325601,3.2795,23.2733
B,82.358,4.205,0.04628935,3.2795,23.2733
B,82.982,4.205,0.04628935,3.2795,23.2733
B,83.606,4.4161,0.056847623,3.2795,23.2733
B,84.23,4.5901,0.065550321,3.2795,23.2733
B,84.854,4.3913,0.055607238,3.2795,23.2733
B,85.478,4.1615,0.044113675,3.2795,23.2733
B,86.102,4.2981,0.050945793,3.2795,23.2733
B,86.726,4.3478,0.053431564,3.2795,23.2733
B,87.35,4.1677,0.044423771,3.2795,23.2733
B,87.974,4.3416,0.053121468,3.2795,23.2733
B,88.597,4.9193,0.082015425,3.2795,23.2733
B,89.221,5.1304,0.092573698,3.2795,23.2733
B,89.845,4.6708,0.069586572,3.2795,23.2733
B,90.469,4.1615,0.044113675,3.2795,23.2733
B,91.093,4.1118,0.041627905,3.2795,23.2733
B,91.717,4.2298,0.047529734,3.2795,23.2733
B,92.341,4.1242,0.042248097,3.2795,23.2733
B,92.965,3.8944,0.030754534,3.2795,23.2733
B,93.589,3.8571,0.028888956,3.2795,23.2733
B,94.213,3.8012,0.026093089,3.2795,23.2733
B,94.837,3.5528,0.013669237,3.2795,23.2733
B,95.461,3.4472,0.0083876,3.2795,23.2733
B,96.085,3.6584,0.018950875,3.2795,23.2733
B,96.708,4.087,0.04038752,3.2795,23.2733
B,97.332,4.3727,0.05467695,3.2795,23.2733
B,97.956,4.2609,0.049085216,3.2795,23.2733
B,98.58,3.8323,0.027648571,3.2795,23.2733
B,99.204,3.9441,0.033240304,3.2795,23.2733
B,99.828,4.3478,0.053431564,3.2795,23.2733
B,100.452,4.4099,0.056537527,3.2795,23.2733
B,101.076,4.1739,0.044733867,3.2795,23.2733
B,101.7,3.9068,0.031374726,3.2795,23.2733
B,102.324,3.8075,0.026408187,3.2795,23.2733
B,102.948,3.8137,0.026718283,3.2795,23.2733
B,103.572,3.9317,0.032620112,3.2795,23.2733
B,104.196,3.8447,0.028268763,3.2795,23.2733
B,104.82,3.5839,0.01522472,3.2795,23.2733
B,105.443,3.5652,0.01428943,3.2795,23.2733
B,106.067,3.6708,0.019571067,3.2795,23.2733
B,106.691,3.7578,0.023922416,3.2795,23.2733
B,107.315,3.7205,0.022056838,3.2795,23.2733
B,107.939,3.7453,0.023297222,3.2795,23.2733
B,108.563,3.795,0.025782993,3.2795,23.2733
B,109.187,3.8509,0.028578859,3.2795,23.2733
B,109.811,3.9752,0.034795787,3.2795,23.2733
B,110.435,4.0497,0.038521942,3.2795,23.2733
B,111.059,4.3975,0.055917334,3.2795,23.2733
B,111.683,4.5652,0.064304935,3.2795,23.2733
B,112.307,4.4224,0.05716272,3.2795,23.2733
B,112.931,4.2547,0.04877512,3.2795,23.2733
B,113.554,4.1118,0.041627905,3.2795,23.2733
B,114.178,4.0186,0.03696646,3.2795,23.2733
B,114.802,3.8261,0.027338475,3.2795,23.2733
B,115.426,3.7578,0.023922416,3.2795,23.2733
B,116.05,3.8137,0.026718283,3.2795,23.2733
B,116.674,3.795,0.025782993,3.2795,23.2733
B,117.298,3.9503,0.033550401,3.2795,23.2733
B,117.922,3.7516,0.02361232,3.2795,23.2733
B,118.546,3.6149,0.0167752,3.2795,23.2733
B,119.17,3.5839,0.01522472,3.2795,23.2733
B,119.794,3.9441,0.033240304,3.2795,23.2733
B,120.418,4.1366,0.042868289,3.2795,23.2733
B,121.042,4.1677,0.044423771,3.2795,23.2733
B,121.666,3.913,0.031684822,3.2795,23.2733
B,122.289,3.9317,0.032620112,3.2795,23.2733
B,122.913,4.1118,0.041627905,3.2795,23.2733
B,123.537,4.236,0.04783983,3.2795,23.2733
B,124.161,4.4224,0.05716272,3.2795,23.2733
B,124.785,4.5342,0.062754454,3.2795,23.2733
B,125.409,4.4348,0.057782913,3.2795,23.2733
B,126.033,4.0559,0.038832038,3.2795,23.2733
B,126.657,4.1366,0.042868289,3.2795,23.2733
B,127.281,4.4845,0.060268683,3.2795,23.2733
B,127.905,4.5652,0.064304935,3.2795,23.2733
B,128.529,4.5217,0.06212926,3.2795,23.2733
B,129.153,4.472,0.059643489,3.2795,23.2733
B,129.777,4.2857,0.050325601,3.2795,23.2733
B,130.4,3.9938,0.035726075,3.2795,23.2733
B,131.024,3.8944,0.030754534,3.2795,23.2733
B,131.648,3.9068,0.031374726,3.2795,23.2733
B,132.272,4.1366,0.042868289,3.2795,23.2733
B,132.896,4.236,0.04783983,3.2795,23.2733
B,133.52,4.2919,0.050635697,3.2795,23.2733
B,134.144,4.2298,0.047529734,3.2795,23.2733
B,134.768,4.1056,0.041317809,3.2795,23.2733
B,135.392,4.1677,0.044423771,3.2795,23.2733
B,136.016,3.9627,0.034170593,3.2795,23.2733
B,136.64,4.0124,0.036656363,3.2795,23.2733
B,137.264,4.236,0.04783983,3.2795,23.2733
B,137.888,4.3478,0.053431564,3.2795,23.2733
B,138.512,4.4534,0.058713201,3.2795,23.2733
B,139.135,4.4472,0.058403105,3.2795,23.2733
B,139.759,4.2484,0.048460023,3.2795,23.2733
B,140.383,4.1925,0.045664156,3.2795,23.2733
B,141.007,4.3168,0.051881083,3.2795,23.2733
B,141.631,4.3354,0.052811372,3.2795,23.2733
B,142.255,4.3851,0.055297142,3.2795,23.2733
B,142.879,4.4099,0.056537527,3.2795,23.2733
B,143.503,4.4969,0.060888876,3.2795,23.2733
B,144.127,4.6273,0.067410897,3.2795,23.2733
B,144.751,4.5404,0.06306455,3.2795,23.2733
B,145.375,4.3975,0.055917334,3.2795,23.2733
B,145.999,4.1988,0.045979254,3.2795,23.2733
B,146.623,4.2236,0.047219638,3.2795,23.2733
B,147.246,4.4596,0.059023297,3.2795,23.2733
B,147.87,4.5404,0.06306455,3.2795,23.2733
B,148.494,4.5155,0.061819164,3.2795,23.2733
B,149.118,4.4658,0.059333393,3.2795,23.2733
B,149.742,4.2422,0.048149926,3.2795,23.2733
B,150.366,3.9876,0.035415979,3.2795,23.2733
B,150.99,3.8758,0.029824246,3.2795,23.2733
B,151.614,4.1863,0.04535406,3.2795,23.2733
B,152.238,4.2857,0.050325601,3.2795,23.2733
B,152.862,4.1988,0.045979254,3.2795,23.2733
B,153.486,4.1491,0.043493483,3.2795,23.2733
B,154.11,4.0745,0.039762326,3.2795,23.2733
B,154.734,4.0248,0.037276556,3.2795,23.2733
B,155.358,3.8571,0.028888956,3.2795,23.2733
B,155.981,3.913,0.031684822,3.2795,23.2733
B,156.605,4.0932,0.040697616,3.2795,23.2733
B,157.229,4.4534,0.058713201,3.2795,23.2733
B,157.853,4.4845,0.060268683,3.2795,23.2733
B,158.477,4.1429,0.043183387,3.2795,23.2733
B,159.101,4.0186,0.03696646,3.2795,23.2733
B,159.725,4.1615,0.044113675,3.2795,23.2733
B,160.349,4.0994,0.041007712,3.2795,23.2733
B,160.973,4.1118,0.041627905,3.2795,23.2733
B,161.597,4.5031,0.061198972,3.2795,23.2733
B,162.221,4.8447,0.078284268,3.2795,23.2733
B,162.845,4.7453,0.073312727,3.2795,23.2733
B,163.469,4.559,0.063994838,3.2795,23.2733
B,164.092,4.472,0.059643489,3.2795,23.2733
B,164.716,4.4596,0.059023297,3.2795,23.2733
B,165.34,4.5901,0.065550321,3.2795,23.2733
B,165.964,4.7019,0.071142054,3.2795,23.2733
B,166.588,4.5404,0.06306455,3.2795,23.2733
B,167.212,4.3478,0.053431564,3.2795,23.2733
B,167.836,4.3913,0.055607238,3.2795,23.2733
B,168.46,4.7391,0.073002631,3.2795,23.2733
B,169.084,4.8385,0.077974172,3.2795,23.2733
B,169.708,4.8509,0.078594364,3.2795,23.2733
B,170.332,5,0.086051676,3.2795,23.2733
B,170.956,5.118,0.091953506,3.2795,23.2733
B,171.58,5.3106,0.101586492,3.2795,23.2733
B,172.204,5.1677,0.094439276,3.2795,23.2733
B,172.827,4.7702,0.074558113,3.2795,23.2733
B,173.451,5.0248,0.087292061,3.2795,23.2733
B,174.075,5.118,0.091953506,3.2795,23.2733
B,174.699,4.882,0.080149846,3.2795,23.2733
B,175.323,4.9193,0.082015425,3.2795,23.2733
B,175.947,4.559,0.063994838,3.2795,23.2733
B,176.571,4.0994,0.041007712,3.2795,23.2733
B,177.195,3.9441,0.033240304,3.2795,23.2733
B,177.819,3.9752,0.034795787,3.2795,23.2733
B,178.443,4.3665,0.054366854,3.2795,23.2733
B,179.067,4.7578,0.073937921,3.2795,23.2733
B,179.691,4.5466,0.063374646,3.2795,23.2733
B,180.315,4.3168,0.051881083,3.2795,23.2733
B,180.938,4.4783,0.059958587,3.2795,23.2733
B,181.562,4.5839,0.065240224,3.2795,23.2733
B,182.186,4.3975,0.055917334,3.2795,23.2733
B,182.81,4.2981,0.050945793,3.2795,23.2733
B,183.434,4.1677,0.044423771,3.2795,23.2733
B,184.058,4.087,0.04038752,3.2795,23.2733
B,184.682,4.4348,0.057782913,3.2795,23.2733
B,185.306,4.6025,0.066170513,3.2795,23.2733
B,185.93,4.5466,0.063374646,3.2795,23.2733
B,186.554,4.3913,0.055607238,3.2795,23.2733
B,187.178,4.1491,0.043493483,3.2795,23.2733
B,187.802,4.4161,0.056847623,3.2795,23.2733
B,188.426,4.6087,0.066480609,3.2795,23.2733
B,189.05,4.6335,0.067720994,3.2795,23.2733
B,189.673,4.3478,0.053431564,3.2795,23.2733
B,190.297,4.236,0.04783983,3.2795,23.2733
B,190.921,4.1553,0.043803579,3.2795,23.2733
B,191.545,4.0435,0.038211846,3.2795,23.2733
B,192.169,3.9689,0.034480689,3.2795,23.2733
B,192.793,3.8385,0.027958667,3.2795,23.2733
B,193.417,3.9752,0.034795787,3.2795,23.2733
B,194.041,4.3665,0.054366854,3.2795,23.2733
B,194.665,4.2981,0.050945793,3.2795,23.2733
B,195.289,4.0124,0.036656363,3.2795,23.2733
B,195.913,3.795,0.025782993,3.2795,23.2733
B,196.537,3.528,0.012428853,3.2795,23.2733
B,197.161,3.2795,0,3.2795,23.2733
B,197.784,3.3727,0.004661445,3.2795,23.2733
B,198.408,3.6584,0.018950875,3.2795,23.2733
B,199.032,3.7329,0.02267703,3.2795,23.2733
B,199.656,3.7267,0.022366934,3.2795,23.2733
B,200.28,3.7205,0.022056838,3.2795,23.2733
B,200.904,3.677,0.019881163,3.2795,23.2733
C,0,0.441,0,0.441,46.441
C,0.624,0.4472,0.000134783,0.441,46.441
C,1.248,0.5528,0.002430435,0.441,46.441
C,1.872,0.7764,0.007291304,0.441,46.441
C,2.496,0.913,0.01026087,0.441,46.441
C,3.12,1.1304,0.014986957,0.441,46.441
C,3.744,1.4037,0.020928261,0.441,46.441
C,4.367,1.5776,0.024708696,0.441,46.441
C,4.991,1.7702,0.028895652,0.441,46.441
C,5.615,2.0621,0.035241304,0.441,46.441
C,6.239,3.1242,0.058330435,0.441,46.441
C,6.863,4.4596,0.08736087,0.441,46.441
C,7.487,5.5093,0.110180435,0.441,46.441
C,8.111,7.5031,0.153523913,0.441,46.441
C,8.735,10.2112,0.212395652,0.441,46.441
C,9.359,12.7143,0.26681087,0.441,46.441
C,9.983,14.2236,0.299621739,0.441,46.441
C,10.607,16.8075,0.355793478,0.441,46.441
C,11.231,19.8323,0.42155,0.441,46.441
C,11.855,23.354,0.498108696,0.441,46.441
C,12.479,29.5404,0.632595652,0.441,46.441
C,13.102,37.9814,0.816095652,0.441,46.441
C,13.726,42.9503,0.924115217,0.441,46.441
C,14.35,42.5901,0.916284783,0.441,46.441
C,14.974,45.1491,0.971915217,0.441,46.441
C,15.598,46.441,1,0.441,46.441
C,16.222,41.8509,0.900215217,0.441,46.441
C,16.846,37.528,0.80623913,0.441,46.441
C,17.47,36.205,0.777478261,0.441,46.441
C,18.094,37.2236,0.799621739,0.441,46.441
C,18.718,38.1366,0.819469565,0.441,46.441
C,19.342,39.0621,0.83958913,0.441,46.441
C,19.966,39.441,0.847826087,0.441,46.441
C,20.59,36.7702,0.789765217,0.441,46.441
C,21.213,34.0994,0.731704348,0.441,46.441
C,21.837,31.0621,0.665676087,0.441,46.441
C,22.461,27.1304,0.580204348,0.441,46.441
C,23.085,25.6584,0.548204348,0.441,46.441
C,23.709,27.5714,0.589791304,0.441,46.441
C,24.333,29.3975,0.62948913,0.441,46.441
C,24.957,29.2609,0.626519565,0.441,46.441
C,25.581,30.5155,0.653793478,0.441,46.441
C,26.205,29.8696,0.639752174,0.441,46.441
C,26.829,27.9689,0.598432609,0.441,46.441
C,27.453,27.0248,0.577908696,0.441,46.441
C,28.077,27.1739,0.58115,0.441,46.441
C,28.701,28.2112,0.6037,0.441,46.441
C,29.325,30.3665,0.650554348,0.441,46.441
C,29.948,33.6832,0.722656522,0.441,46.441
C,30.572,33.236,0.712934783,0.441,46.441
C,31.196,27.3851,0.585741304,0.441,46.441
C,31.82,24.0373,0.512963043,0.441,46.441
C,32.444,26.0994,0.557791304,0.441,46.441
C,33.068,30.441,0.652173913,0.441,46.441
C,33.692,33.3975,0.716445652,0.441,46.441
C,34.316,34.6894,0.744530435,0.441,46.441
C,34.94,34.5155,0.74075,0.441,46.441
C,35.564,32.3665,0.694032609,0.441,46.441
C,36.188,30.7453,0.65878913,0.441,46.441
C,36.812,29.6211,0.63435,0.441,46.441
C,37.436,27.0186,0.577773913,0.441,46.441
C,38.059,25.559,0.546043478,0.441,46.441
C,38.683,25.9068,0.553604348,0.441,46.441
C,39.307,25.3478,0.541452174,0.441,46.441
C,39.931,23.1242,0.493113043,0.441,46.441
C,40.555,22.1925,0.472858696,0.441,46.441
C,41.179,22.1056,0.470969565,0.441,46.441
C,41.803,20.2112,0.429786957,0.441,46.441
C,42.427,17.0621,0.361328261,0.441,46.441
C,43.051,15.3354,0.323791304,0.441,46.441
C,43.675,15.3913,0.325006522,0.441,46.441
C,44.299,15.913,0.336347826,0.441,46.441
C,44.923,16.3106,0.344991304,0.441,46.441
C,45.547,16.3975,0.346880435,0.441,46.441
C,46.171,15.528,0.327978261,0.441,46.441
C,46.794,14.5031,0.305697826,0.441,46.441
C,47.418,14.2236,0.299621739,0.441,46.441
C,48.042,15.2609,0.322171739,0.441,46.441
C,48.666,16.9689,0.359302174,0.441,46.441
C,49.29,18.1429,0.384823913,0.441,46.441
C,49.914,17.5528,0.371995652,0.441,46.441
C,50.538,15.3043,0.323115217,0.441,46.441
C,51.162,12.795,0.268565217,0.441,46.441
C,51.786,11.3789,0.237780435,0.441,46.441
C,52.41,10.6335,0.221576087,0.441,46.441
C,53.034,10.2733,0.213745652,0.441,46.441
C,53.658,10.6522,0.221982609,0.441,46.441
C,54.282,11.2857,0.235754348,0.441,46.441
C,54.905,11.1242,0.232243478,0.441,46.441
C,55.529,11.2174,0.234269565,0.441,46.441
C,56.153,11.2174,0.234269565,0.441,46.441
C,56.777,10.3913,0.21631087,0.441,46.441
C,57.401,10.5031,0.218741304,0.441,46.441
C,58.025,10.7205,0.223467391,0.441,46.441
C,58.649,10.5404,0.219552174,0.441,46.441
C,59.273,10.4596,0.217795652,0.441,46.441
C,59.897,10.0248,0.208343478,0.441,46.441
C,60.521,9.4099,0.194976087,0.441,46.441
C,61.145,9.1677,0.18971087,0.441,46.441
C,61.769,9.4845,0.196597826,0.441,46.441
C,62.393,9.2484,0.191465217,0.441,46.441
C,63.017,8.8012,0.181743478,0.441,46.441
C,63.64,8.4037,0.173102174,0.441,46.441
C,64.264,7.9379,0.162976087,0.441,46.441
C,64.888,7.8571,0.161219565,0.441,46.441
C,65.512,7.7391,0.158654348,0.441,46.441
C,66.136,7.4969,0.15338913,0.441,46.441
C,66.76,7.7019,0.157845652,0.441,46.441
C,67.384,8.0994,0.166486957,0.441,46.441
C,68.008,8.2236,0.169186957,0.441,46.441
C,68.632,7.6584,0.1569,0.441,46.441
C,69.256,7.7578,0.15906087,0.441,46.441
C,69.88,7.764,0.159195652,0.441,46.441
C,70.504,8.2174,0.169052174,0.441,46.441
C,71.128,8.9006,0.183904348,0.441,46.441
C,71.751,8.6957,0.17945,0.441,46.441
C,72.375,8.4286,0.173643478,0.441,46.441
C,72.999,8.4348,0.173778261,0.441,46.441
C,73.623,8.5776,0.176882609,0.441,46.441
C,74.247,9.2112,0.190656522,0.441,46.441
C,74.871,9.4596,0.196056522,0.441,46.441
C,75.495,9.1366,0.189034783,0.441,46.441
C,76.119,9.1056,0.18836087,0.441,46.441
C,76.743,9.0373,0.186876087,0.441,46.441
C,77.367,8.7019,0.179584783,0.441,46.441
C,77.991,8.1925,0.16851087,0.441,46.441
C,78.615,8.1925,0.16851087,0.441,46.441
C,79.239,8.7516,0.180665217,0.441,46.441
C,79.863,9.0248,0.186604348,0.441,46.441
C,80.486,8.7391,0.180393478,0.441,46.441
C,81.11,8.4845,0.174858696,0.441,46.441
C,81.734,8.5466,0.176208696,0.441,46.441
C,82.358,8.2236,0.169186957,0.441,46.441
C,82.982,8.4348,0.173778261,0.441,46.441
C,83.606,8.6832,0.179178261,0.441,46.441
C,84.23,8.5031,0.175263043,0.441,46.441
C,84.854,8.1863,0.168376087,0.441,46.441
C,85.478,8.2671,0.170132609,0.441,46.441
C,86.102,8.0621,0.165676087,0.441,46.441
C,86.726,8.2547,0.169863043,0.441,46.441
C,87.35,8.1988,0.168647826,0.441,46.441
C,87.974,7.8012,0.160004348,0.441,46.441
C,88.597,8.2981,0.170806522,0.441,46.441
C,89.221,8.9752,0.185526087,0.441,46.441
C,89.845,9.3416,0.193491304,0.441,46.441
C,90.469,9.1553,0.189441304,0.441,46.441
C,91.093,8.4348,0.173778261,0.441,46.441
C,91.717,7.7453,0.15878913,0.441,46.441
C,92.341,7.8758,0.161626087,0.441,46.441
C,92.965,8.5776,0.176882609,0.441,46.441
C,93.589,8.7081,0.179719565,0.441,46.441
C,94.213,8.1988,0.168647826,0.441,46.441
C,94.837,7.9441,0.16311087,0.441,46.441
C,95.461,8.7267,0.180123913,0.441,46.441
C,96.085,9.3168,0.192952174,0.441,46.441
C,96.708,8.8882,0.183634783,0.441,46.441
C,97.332,8.2857,0.170536957,0.441,46.441
C,97.956,8.3913,0.172832609,0.441,46.441
C,98.58,8.9503,0.184984783,0.441,46.441
C,99.204,8.8944,0.183769565,0.441,46.441
C,99.828,8.1801,0.168241304,0.441,46.441
C,100.452,7.9752,0.163786957,0.441,46.441
C,101.076,8.3975,0.172967391,0.441,46.441
C,101.7,8.5528,0.176343478,0.441,46.441
C,102.324,8.2609,0.169997826,0.441,46.441
C,102.948,8.1056,0.166621739,0.441,46.441
C,103.572,8.6522,0.178504348,0.441,46.441
C,104.196,9.1739,0.189845652,0.441,46.441
C,104.82,9.0248,0.186604348,0.441,46.441
C,105.443,8.2547,0.169863043,0.441,46.441
C,106.067,7.6708,0.157169565,0.441,46.441
C,106.691,7.3478,0.150147826,0.441,46.441
C,107.315,7.2112,0.147178261,0.441,46.441
C,107.939,7.9379,0.162976087,0.441,46.441
C,108.563,8.5466,0.176208696,0.441,46.441
C,109.187,8.1553,0.167702174,0.441,46.441
C,109.811,7.7516,0.158926087,0.441,46.441
C,110.435,7.9814,0.163921739,0.441,46.441
C,111.059,8.3665,0.172293478,0.441,46.441
C,111.683,8.354,0.172021739,0.441,46.441
C,112.307,8.1739,0.168106522,0.441,46.441
C,112.931,7.9876,0.164056522,0.441,46.441
C,113.554,8.4845,0.174858696,0.441,46.441
C,114.178,8.5901,0.177154348,0.441,46.441
C,114.802,8.3665,0.172293478,0.441,46.441
C,115.426,8.3106,0.171078261,0.441,46.441
C,116.05,8.3478,0.171886957,0.441,46.441
C,116.674,8.677,0.179043478,0.441,46.441
C,117.298,8.8323,0.182419565,0.441,46.441
C,117.922,8.8509,0.182823913,0.441,46.441
C,118.546,8.5776,0.176882609,0.441,46.441
C,119.17,8.5901,0.177154348,0.441,46.441
C,119.794,8.7143,0.179854348,0.441,46.441
C,120.418,8.8571,0.182958696,0.441,46.441
C,121.042,9.1739,0.189845652,0.441,46.441
C,121.666,8.6708,0.178908696,0.441,46.441
C,122.289,7.9441,0.16311087,0.441,46.441
C,122.913,7.8696,0.161491304,0.441,46.441
C,123.537,7.9565,0.163380435,0.441,46.441
C,124.161,8.2919,0.170671739,0.441,46.441
C,124.785,8.2609,0.169997826,0.441,46.441
C,125.409,8.3292,0.171482609,0.441,46.441
C,126.033,8.2298,0.169321739,0.441,46.441
C,126.657,7.5217,0.153928261,0.441,46.441
C,127.281,7.0621,0.143936957,0.441,46.441
C,127.905,7.5155,0.153793478,0.441,46.441
C,128.529,8.5901,0.177154348,0.441,46.441
C,129.153,9.0062,0.1862,0.441,46.441
C,129.777,8.9689,0.18538913,0.441,46.441
C,130.4,8.8012,0.181743478,0.441,46.441
C,131.024,8.8012,0.181743478,0.441,46.441
C,131.648,8.354,0.172021739,0.441,46.441
C,132.272,8.4348,0.173778261,0.441,46.441
C,132.896,8.8261,0.182284783,0.441,46.441
C,133.52,9.2733,0.192006522,0.441,46.441
C,134.144,9.7826,0.203078261,0.441,46.441
C,134.768,9.7329,0.201997826,0.441,46.441
C,135.392,9.4224,0.195247826,0.441,46.441
C,136.016,8.9193,0.18431087,0.441,46.441
C,136.64,8.2795,0.170402174,0.441,46.441
C,137.264,8.2919,0.170671739,0.441,46.441
C,137.888,8.677,0.179043478,0.441,46.441
C,138.512,9.0497,0.187145652,0.441,46.441
C,139.135,9.1553,0.189441304,0.441,46.441
C,139.759,8.7453,0.180528261,0.441,46.441
C,140.383,8.1925,0.16851087,0.441,46.441
C,141.007,8,0.164326087,0.441,46.441
C,141.631,8.0745,0.165945652,0.441,46.441
C,142.255,8.3354,0.171617391,0.441,46.441
C,142.879,8.2733,0.170267391,0.441,46.441
C,143.503,8.4845,0.174858696,0.441,46.441
C,144.127,8.6211,0.177828261,0.441,46.441
C,144.751,8.4037,0.173102174,0.441,46.441
C,145.375,8.4845,0.174858696,0.441,46.441
C,145.999,8.8571,0.182958696,0.441,46.441
C,146.623,8.4099,0.173236957,0.441,46.441
C,147.246,7.6832,0.15743913,0.441,46.441
C,147.87,7.6398,0.156495652,0.441,46.441
C,148.494,8.3478,0.171886957,0.441,46.441
C,149.118,8.7391,0.180393478,0.441,46.441
C,149.742,8.6832,0.179178261,0.441,46.441
C,150.366,9.0373,0.186876087,0.441,46.441
C,150.99,9.5217,0.197406522,0.441,46.441
C,151.614,9.4969,0.196867391,0.441,46.441
C,152.238,8.8075,0.181880435,0.441,46.441
C,152.862,8.646,0.178369565,0.441,46.441
C,153.486,8.8075,0.181880435,0.441,46.441
C,154.11,8.9503,0.184984783,0.441,46.441
C,154.734,8.3975,0.172967391,0.441,46.441
C,155.358,8.3416,0.171752174,0.441,46.441
C,155.981,8.7578,0.1808,0.441,46.441
C,156.605,9.0311,0.186741304,0.441,46.441
C,157.229,9.0373,0.186876087,0.441,46.441
C,157.853,8.5466,0.176208696,0.441,46.441
C,158.477,8.4596,0.174317391,0.441,46.441
C,159.101,8.3975,0.172967391,0.441,46.441
C,159.725,8.2609,0.169997826,0.441,46.441
C,160.349,8.0435,0.165271739,0.441,46.441
C,160.973,7.8758,0.161626087,0.441,46.441
C,161.597,7.9565,0.163380435,0.441,46.441
C,162.221,8.6335,0.178097826,0.441,46.441
C,162.845,9.0124,0.186334783,0.441,46.441
C,163.469,8.6087,0.177558696,0.441,46.441
C,164.092,8.2236,0.169186957,0.441,46.441
C,164.716,7.6894,0.157573913,0.441,46.441
C,165.34,7.913,0.162434783,0.441,46.441
C,165.964,8.3913,0.172832609,0.441,46.441
C,166.588,8.7205,0.17998913,0.441,46.441
C,167.212,8.7764,0.181204348,0.441,46.441
C,167.836,9.1925,0.19025,0.441,46.441
C,168.46,8.6149,0.177693478,0.441,46.441
C,169.084,8.2857,0.170536957,0.441,46.441
C,169.708,8.559,0.176478261,0.441,46.441
C,170.332,8.6273,0.177963043,0.441,46.441
C,170.956,8.8634,0.183095652,0.441,46.441
C,171.58,8.4037,0.173102174,0.441,46.441
C,172.204,8.6273,0.177963043,0.441,46.441
C,172.827,9.1366,0.189034783,0.441,46.441
C,173.451,9.6398,0.199973913,0.441,46.441
C,174.075,9.7702,0.202808696,0.441,46.441
C,174.699,8.4037,0.173102174,0.441,46.441
C,175.323,7.6832,0.15743913,0.441,46.441
C,175.947,8.2422,0.169591304,0.441,46.441
C,176.571,8.4969,0.175128261,0.441,46.441
C,177.195,8.8385,0.182554348,0.441,46.441
C,177.819,8.5031,0.175263043,0.441,46.441
C,178.443,8.354,0.172021739,0.441,46.441
C,179.067,7.9006,0.162165217,0.441,46.441
C,179.691,8.0683,0.16581087,0.441,46.441
C,180.315,8.6025,0.177423913,0.441,46.441
C,180.938,8.8199,0.18215,0.441,46.441
C,181.562,8.5466,0.176208696,0.441,46.441
C,182.186,8.8447,0.18268913,0.441,46.441
C,182.81,8.8571,0.182958696,0.441,46.441
C,183.434,8.6646,0.178773913,0.441,46.441
C,184.058,8.8385,0.182554348,0.441,46.441
C,184.682,8.7826,0.18133913,0.441,46.441
C,185.306,8.3043,0.170941304,0.441,46.441
C,185.93,8.1118,0.166756522,0.441,46.441
C,186.554,8.3851,0.172697826,0.441,46.441
C,187.178,8.6025,0.177423913,0.441,46.441
C,187.802,8.2981,0.170806522,0.441,46.441
C,188.426,7.4969,0.15338913,0.441,46.441
C,189.05,7.2795,0.148663043,0.441,46.441
C,189.673,7.4658,0.152713043,0.441,46.441
C,190.297,7.528,0.154065217,0.441,46.441
C,190.921,8.1056,0.166621739,0.441,46.441
C,191.545,8.2795,0.170402174,0.441,46.441
C,192.169,7.7267,0.158384783,0.441,46.441
C,192.793,7.5342,0.1542,0.441,46.441
C,193.417,7.7329,0.158519565,0.441,46.441
C,194.041,7.559,0.15473913,0.441,46.441
C,194.665,7.2298,0.147582609,0.441,46.441
C,195.289,7.0373,0.143397826,0.441,46.441
C,195.913,7.354,0.150282609,0.441,46.441
C,196.537,7.3665,0.150554348,0.441,46.441
C,197.161,7.2981,0.149067391,0.441,46.441
C,197.784,7.1615,0.146097826,0.441,46.441
C,198.408,7.1304,0.145421739,0.441,46.441
C,199.032,7.764,0.159195652,0.441,46.441
C,199.656,8.0807,0.166080435,0.441,46.441
C,200.28,7.5839,0.155280435,0.441,46.441
C,200.904,6.7764,0.137726087,0.441,46.441
D,0,5.509,0.02565084,1.019,176.062
D,0.624,6.267,0.029981205,1.019,176.062
D,1.248,6.963,0.03395737,1.019,176.062
D,1.872,8.503,0.042755209,1.019,176.062
D,2.496,9.242,0.046977029,1.019,176.062
D,3.12,12.919,0.067983296,1.019,176.062
D,3.744,19.652,0.10644813,1.019,176.062
D,4.367,28.727,0.158292534,1.019,176.062
D,4.991,38.168,0.212227853,1.019,176.062
D,5.615,46.64,0.260627389,1.019,176.062
D,6.239,52.472,0.293944916,1.019,176.062
D,6.863,61.255,0.344121159,1.019,176.062
D,7.487,69.491,0.391172455,1.019,176.062
D,8.111,77.379,0.436235668,1.019,176.062
D,8.735,82.472,0.465331376,1.019,176.062
D,9.359,89.286,0.504258954,1.019,176.062
D,9.983,95.311,0.538679067,1.019,176.062
D,10.607,105.547,0.597156127,1.019,176.062
D,11.231,106.373,0.601874968,1.019,176.062
D,11.855,105.323,0.595876442,1.019,176.062
D,12.479,108.161,0.612089601,1.019,176.062
D,13.102,113.36,0.641790874,1.019,176.062
D,13.726,118.963,0.673800152,1.019,176.062
D,14.35,126.056,0.714321624,1.019,176.062
D,14.974,129.584,0.734476671,1.019,176.062
D,15.598,129.702,0.735150792,1.019,176.062
D,16.222,140.727,0.798135315,1.019,176.062
D,16.846,146.981,0.833863679,1.019,176.062
D,17.47,148.447,0.842238764,1.019,176.062
D,18.094,152.584,0.865872957,1.019,176.062
D,18.718,162.311,0.92144216,1.019,176.062
D,19.342,168.789,0.958450209,1.019,176.062
D,19.966,167.559,0.951423365,1.019,176.062
D,20.59,164.54,0.934176174,1.019,176.062
D,21.213,160.534,0.911290369,1.019,176.062
D,21.837,158.615,0.900327348,1.019,176.062
D,22.461,160.621,0.911787389,1.019,176.062
D,23.085,167.689,0.952166039,1.019,176.062
D,23.709,167.801,0.952805882,1.019,176.062
D,24.333,166.329,0.94439652,1.019,176.062
D,24.957,167.584,0.951566187,1.019,176.062
D,25.581,156.59,0.888758762,1.019,176.062
D,26.205,159.621,0.906074507,1.019,176.062
D,26.829,164.702,0.935101661,1.019,176.062
D,27.453,170.081,0.965831253,1.019,176.062
D,28.077,175.149,0.994784139,1.019,176.062
D,28.701,174.106,0.988825603,1.019,176.062
D,29.325,172.528,0.979810675,1.019,176.062
D,29.948,176.062,1,1.019,176.062
D,30.572,175.373,0.996063824,1.019,176.062
D,31.196,170.82,0.970053073,1.019,176.062
D,31.82,172.484,0.979559308,1.019,176.062
D,32.444,169,0.959655627,1.019,176.062
D,33.068,165.286,0.938437984,1.019,176.062
D,33.692,169.795,0.964197369,1.019,176.062
D,34.316,175,0.993932919,1.019,176.062
D,34.94,173.845,0.987334541,1.019,176.062
D,35.564,170.776,0.969801706,1.019,176.062
D,36.188,167.571,0.951491919,1.019,176.062
D,36.812,162.571,0.922927509,1.019,176.062
D,37.436,162.727,0.923818719,1.019,176.062
D,38.059,164.95,0.936518455,1.019,176.062
D,38.683,158.764,0.901178568,1.019,176.062
D,39.307,151.845,0.861651137,1.019,176.062
D,39.931,151.186,0.857886348,1.019,176.062
D,40.555,153.05,0.86853516,1.019,176.062
D,41.179,153.522,0.87123164,1.019,176.062
D,41.803,150.571,0.854372926,1.019,176.062
D,42.427,148.385,0.841884566,1.019,176.062
D,43.051,145.031,0.822723559,1.019,176.062
D,43.675,141.876,0.804699417,1.019,176.062
D,44.299,139.745,0.792525265,1.019,176.062
D,44.923,137.224,0.77812309,1.019,176.062
D,45.547,136.05,0.771416166,1.019,176.062
D,46.171,130.391,0.739086967,1.019,176.062
D,46.794,128.267,0.726952806,1.019,176.062
D,47.418,130.64,0.740509475,1.019,176.062
D,48.042,123.994,0.702541661,1.019,176.062
D,48.666,119.652,0.677736328,1.019,176.062
D,49.29,117.497,0.665425067,1.019,176.062
D,49.914,120.528,0.682740812,1.019,176.062
D,50.538,114.41,0.6477894,1.019,176.062
D,51.162,117.093,0.663117063,1.019,176.062
D,51.786,116.106,0.657478448,1.019,176.062
D,52.41,114.087,0.645944139,1.019,176.062
D,53.034,109.286,0.618516593,1.019,176.062
D,53.658,103.143,0.583422359,1.019,176.062
D,54.282,102.714,0.580971533,1.019,176.062
D,54.905,100.298,0.56716921,1.019,176.062
D,55.529,97.453,0.550916061,1.019,176.062
D,56.153,98.596,0.557445885,1.019,176.062
D,56.777,96.161,0.543535017,1.019,176.062
D,57.401,94.012,0.531258034,1.019,176.062
D,58.025,89.578,0.505927115,1.019,176.062
D,58.649,87.795,0.495741046,1.019,176.062
D,59.273,87.273,0.492758922,1.019,176.062
D,59.897,86.814,0.490136709,1.019,176.062
D,60.521,84.329,0.475940198,1.019,176.062
D,61.145,83.807,0.472958073,1.019,176.062
D,61.769,82.031,0.462811995,1.019,176.062
D,62.393,83.503,0.471221357,1.019,176.062
D,63.017,82.335,0.464548711,1.019,176.062
D,63.64,75.335,0.424558537,1.019,176.062
D,64.264,70.211,0.39528573,1.019,176.062
D,64.888,71.919,0.405043332,1.019,176.062
D,65.512,74.46,0.419559765,1.019,176.062
D,66.136,72.702,0.409516519,1.019,176.062
D,66.76,68.689,0.386590723,1.019,176.062
D,67.384,66.217,0.372468479,1.019,176.062
D,68.008,61.186,0.34372697,1.019,176.062
D,68.632,60.043,0.337197146,1.019,176.062
D,69.256,57.149,0.320664065,1.019,176.062
D,69.88,55.944,0.313780043,1.019,176.062
D,70.504,52.075,0.291676902,1.019,176.062
D,71.128,50.944,0.285215633,1.019,176.062
D,71.751,51.59,0.288906154,1.019,176.062
D,72.375,49.696,0.278085956,1.019,176.062
D,72.999,48.273,0.269956525,1.019,176.062
D,73.623,46.025,0.257113966,1.019,176.062
D,74.247,45.509,0.254166119,1.019,176.062
D,74.871,44.416,0.247921939,1.019,176.062
D,75.495,43.894,0.244939815,1.019,176.062
D,76.119,41.565,0.231634513,1.019,176.062
D,76.743,38.689,0.215204264,1.019,176.062
D,77.367,36.472,0.202538805,1.019,176.062
D,77.991,37.261,0.207046269,1.019,176.062
D,78.615,35.037,0.194340819,1.019,176.062
D,79.239,35.298,0.195831881,1.019,176.062
D,79.863,34.497,0.191255863,1.019,176.062
D,80.486,32.739,0.181212616,1.019,176.062
D,81.11,32.981,0.182595134,1.019,176.062
D,81.734,30.752,0.16986112,1.019,176.062
D,82.358,29.416,0.16222871,1.019,176.062
D,82.982,30.416,0.167941591,1.019,176.062
D,83.606,29.006,0.159886428,1.019,176.062
D,84.23,27.348,0.15041447,1.019,176.062
D,84.854,24.503,0.13416132,1.019,176.062
D,85.478,22.919,0.125112115,1.019,176.062
D,86.102,24.186,0.132350337,1.019,176.062
D,86.726,22.683,0.123763875,1.019,176.062
D,87.35,22.335,0.121775792,1.019,176.062
D,87.974,21.28,0.115748702,1.019,176.062
D,88.597,18.317,0.098821432,1.019,176.062
D,89.221,17.571,0.094559622,1.019,176.062
D,89.845,16.64,0.089240929,1.019,176.062
D,90.469,14.329,0.076038459,1.019,176.062
D,91.093,14.23,0.075472884,1.019,176.062
D,91.717,14.472,0.076855401,1.019,176.062
D,92.341,13.627,0.072028016,1.019,176.062
D,92.965,13.714,0.072525037,1.019,176.062
D,93.589,13.354,0.070468399,1.019,176.062
D,94.213,12.72,0.066846432,1.019,176.062
D,94.837,11.739,0.061242095,1.019,176.062
D,95.461,11.578,0.060322321,1.019,176.062
D,96.085,10.758,0.055637758,1.019,176.062
D,96.708,10.553,0.054466617,1.019,176.062
D,97.332,9.795,0.050136252,1.019,176.062
D,97.956,9.919,0.05084465,1.019,176.062
D,98.58,9.28,0.047194118,1.019,176.062
D,99.204,9.068,0.045982987,1.019,176.062
D,99.828,8.988,0.045525956,1.019,176.062
D,100.452,8.019,0.039990174,1.019,176.062
D,101.076,7.503,0.037042327,1.019,176.062
D,101.7,7.584,0.03750507,1.019,176.062
D,102.324,7.727,0.038322012,1.019,176.062
D,102.948,8.242,0.041264147,1.019,176.062
D,103.572,7.391,0.036402484,1.019,176.062
D,104.196,7.54,0.037253703,1.019,176.062
D,104.82,7.702,0.03817919,1.019,176.062
D,105.443,7.491,0.036973772,1.019,176.062
D,106.067,6.795,0.032997606,1.019,176.062
D,106.691,5.981,0.02834732,1.019,176.062
D,107.315,6.348,0.030443948,1.019,176.062
D,107.939,6.019,0.02856441,1.019,176.062
D,108.563,5.335,0.024656799,1.019,176.062
D,109.187,5.571,0.026005039,1.019,176.062
D,109.811,4.963,0.022531607,1.019,176.062
D,110.435,4.441,0.019549482,1.019,176.062
D,111.059,4.043,0.017275755,1.019,176.062
D,111.683,4.137,0.017812766,1.019,176.062
D,112.307,4.963,0.022531607,1.019,176.062
D,112.931,4.441,0.019549482,1.019,176.062
D,113.554,4.366,0.019121016,1.019,176.062
D,114.178,4.298,0.01873254,1.019,176.062
D,114.802,4.205,0.018201242,1.019,176.062
D,115.426,3.584,0.014653542,1.019,176.062
D,116.05,3.944,0.01671018,1.019,176.062
D,116.674,3.565,0.014544998,1.019,176.062
D,117.298,3.422,0.013728055,1.019,176.062
D,117.922,3.528,0.014333621,1.019,176.062
D,118.546,3.385,0.013516679,1.019,176.062
D,119.17,3.565,0.014544998,1.019,176.062
D,119.794,3.77,0.015716138,1.019,176.062
D,120.418,4.075,0.017458567,1.019,176.062
D,121.042,3.969,0.016853002,1.019,176.062
D,121.666,3.366,0.013408134,1.019,176.062
D,122.289,4.019,0.017138646,1.019,176.062
D,122.913,3.832,0.016070337,1.019,176.062
D,123.537,3.857,0.016213159,1.019,176.062
D,124.161,3.043,0.011562873,1.019,176.062
D,124.785,2.95,0.011031575,1.019,176.062
D,125.409,3.18,0.012345538,1.019,176.062
D,126.033,2.882,0.010643099,1.019,176.062
D,126.657,2.901,0.010751644,1.019,176.062
D,127.281,2.894,0.010711654,1.019,176.062
D,127.905,3.41,0.013659501,1.019,176.062
D,128.529,3.149,0.012168439,1.019,176.062
D,129.153,3.143,0.012134161,1.019,176.062
D,129.777,3.112,0.011957062,1.019,176.062
D,130.4,2.714,0.009683335,1.019,176.062
D,131.024,2.845,0.010431722,1.019,176.062
D,131.648,2.839,0.010397445,1.019,176.062
D,132.272,2.801,0.010180356,1.019,176.062
D,132.896,3.025,0.011460041,1.019,176.062
D,133.52,2.758,0.009934702,1.019,176.062
D,134.144,2.441,0.008123718,1.019,176.062
D,134.768,2.062,0.005958536,1.019,176.062
D,135.392,2.646,0.009294859,1.019,176.062
D,136.016,2.863,0.010534554,1.019,176.062
D,136.64,2.547,0.008729284,1.019,176.062
D,137.264,2.404,0.007912342,1.019,176.062
D,137.888,2.671,0.009437681,1.019,176.062
D,138.512,2.335,0.007518153,1.019,176.062
D,139.135,2.472,0.008300818,1.019,176.062
D,139.759,2.528,0.008620739,1.019,176.062
D,140.383,2.174,0.006598379,1.019,176.062
D,141.007,2.155,0.006489834,1.019,176.062
D,141.631,2.161,0.006524111,1.019,176.062
D,142.255,2.199,0.006741201,1.019,176.062
D,142.879,2.155,0.006489834,1.019,176.062
D,143.503,2.36,0.007660975,1.019,176.062
D,144.127,2.627,0.009186314,1.019,176.062
D,144.751,2.217,0.006844033,1.019,176.062
D,145.375,2.348,0.00759242,1.019,176.062
D,145.999,2.416,0.007980896,1.019,176.062
D,146.623,2.161,0.006524111,1.019,176.062
D,147.246,1.882,0.004930217,1.019,176.062
D,147.87,2.056,0.005924259,1.019,176.062
D,148.494,2.267,0.007129677,1.019,176.062
D,149.118,1.888,0.004964494,1.019,176.062
D,149.742,2.099,0.006169913,1.019,176.062
D,150.366,2.317,0.007415321,1.019,176.062
D,150.99,2.23,0.0069183,1.019,176.062
D,151.614,2.354,0.007626697,1.019,176.062
D,152.238,2.205,0.006775478,1.019,176.062
D,152.862,2.466,0.00826654,1.019,176.062
D,153.486,2.143,0.006421279,1.019,176.062
D,154.11,1.894,0.004998772,1.019,176.062
D,154.734,2.248,0.007021132,1.019,176.062
D,155.358,1.82,0.004576018,1.019,176.062
D,155.981,1.901,0.005038762,1.019,176.062
D,156.605,2.031,0.005781437,1.019,176.062
D,157.229,1.87,0.004861663,1.019,176.062
D,157.853,2.398,0.007878064,1.019,176.062
D,158.477,2.261,0.007095399,1.019,176.062
D,159.101,1.938,0.005250139,1.019,176.062
D,159.725,2.025,0.005747159,1.019,176.062
D,160.349,2.441,0.008123718,1.019,176.062
D,160.973,2.466,0.00826654,1.019,176.062
D,161.597,2.006,0.005638615,1.019,176.062
D,162.221,2.516,0.008552184,1.019,176.062
D,162.845,2.522,0.008586462,1.019,176.062
D,163.469,1.925,0.005175871,1.019,176.062
D,164.092,1.839,0.004684563,1.019,176.062
D,164.716,1.938,0.005250139,1.019,176.062
D,165.34,2.081,0.006067081,1.019,176.062
D,165.964,1.59,0.003262056,1.019,176.062
D,166.588,1.963,0.005392961,1.019,176.062
D,167.212,1.863,0.004821672,1.019,176.062
D,167.836,2.286,0.007238221,1.019,176.062
D,168.46,2.292,0.007272499,1.019,176.062
D,169.084,2.28,0.007203944,1.019,176.062
D,169.708,2.031,0.005781437,1.019,176.062
D,170.332,1.733,0.004078998,1.019,176.062
D,170.956,1.733,0.004078998,1.019,176.062
D,171.58,1.975,0.005461515,1.019,176.062
D,172.204,1.739,0.004113275,1.019,176.062
D,172.827,1.727,0.00404472,1.019,176.062
D,173.451,1.863,0.004821672,1.019,176.062
D,174.075,1.851,0.004753118,1.019,176.062
D,174.699,1.739,0.004113275,1.019,176.062
D,175.323,1.739,0.004113275,1.019,176.062
D,175.947,1.919,0.005141594,1.019,176.062
D,176.571,2.199,0.006741201,1.019,176.062
D,177.195,1.932,0.005215861,1.019,176.062
D,177.819,1.758,0.00422182,1.019,176.062
D,178.443,1.894,0.004998772,1.019,176.062
D,179.067,1.677,0.003759076,1.019,176.062
D,179.691,1.975,0.005461515,1.019,176.062
D,180.315,1.621,0.003439155,1.019,176.062
D,180.938,1.627,0.003473432,1.019,176.062
D,181.562,1.64,0.0035477,1.019,176.062
D,182.186,1.739,0.004113275,1.019,176.062
D,182.81,1.547,0.003016402,1.019,176.062
D,183.434,1.391,0.002125192,1.019,176.062
D,184.058,1.907,0.005073039,1.019,176.062
D,184.682,1.876,0.00489594,1.019,176.062
D,185.306,1.807,0.004501751,1.019,176.062
D,185.93,1.578,0.003193501,1.019,176.062
D,186.554,1.839,0.004684563,1.019,176.062
D,187.178,1.646,0.003581977,1.019,176.062
D,187.802,1.652,0.003616254,1.019,176.062
D,188.426,1.609,0.0033706,1.019,176.062
D,189.05,1.559,0.003084956,1.019,176.062
D,189.673,1.677,0.003759076,1.019,176.062
D,190.297,1.565,0.003119234,1.019,176.062
D,190.921,1.602,0.00333061,1.019,176.062
D,191.545,1.466,0.002553658,1.019,176.062
D,192.169,1.975,0.005461515,1.019,176.062
D,192.793,1.236,0.001239695,1.019,176.062
D,193.417,1.72,0.00400473,1.019,176.062
D,194.041,1.522,0.00287358,1.019,176.062
D,194.665,1.453,0.002479391,1.019,176.062
D,195.289,1.615,0.003404878,1.019,176.062
D,195.913,1.304,0.001628171,1.019,176.062
D,196.537,1.019,0,1.019,176.062
D,197.161,1.161,0.000811229,1.019,176.062
D,197.784,1.304,0.001628171,1.019,176.062
D,198.408,1.534,0.002942134,1.019,176.062
D,199.032,1.342,0.001845261,1.019,176.062
D,199.656,1.509,0.002799312,1.019,176.062
D,200.28,1.435,0.002376559,1.019,176.062
D,200.904,1.41,0.002233737,1.019,176.062