mouse,distance_microns,grey_value,grey_value_normalised,,,
A,0,6.3106,0,,,
A,0.624,6.677,0.012231068,,,
A,1.248,6.8509,0.018036152,,,
A,1.872,7.118,0.026952414,,,
A,2.496,7.6957,0.046237044,,,
A,3.12,8.1739,0.06220019,,,
A,3.744,8.0932,0.059506284,,,
A,4.367,8.1925,0.062821091,,,
A,4.991,8.3789,0.069043446,,,
A,5.615,8.4472,0.071323419,,,
A,6.239,8.7826,0.082519653,,,
A,6.863,8.8199,0.083764792,,,
A,7.487,9.6087,0.110096306,,,
A,8.111,10.8385,0.151149166,,,
A,8.735,12.4472,0.204850366,,,
A,9.359,13.3602,0.235327892,,,
A,9.983,14.0745,0.259172467,,,
A,10.607,14.7267,0.280944036,,,
A,11.231,14.5963,0.276591057,,,
A,11.855,13.5155,0.240512076,,,
A,12.479,12.3975,0.203191294,,,
A,13.102,11.5217,0.173955569,,,
A,13.726,11.3727,0.16898169,,,
A,14.35,12.0683,0.192202026,,,
A,14.974,12.6273,0.210862417,,,
A,15.598,12.764,0.215425701,,,
A,16.222,13.4099,0.236986964,,,
A,16.846,14.2298,0.26435665,,,
A,17.47,15.1801,0.296079315,,,
A,18.094,16.118,0.327388046,,,
A,18.718,17.0373,0.358075877,,,
A,19.342,18.3665,0.402446881,,,
A,19.966,18.9627,0.422349073,,,
A,20.59,18.7578,0.415509155,,,
A,21.213,19.0186,0.424215112,,,
A,21.837,20.1491,0.461953165,,,
A,22.461,22.6025,0.543851919,,,
A,23.085,25.4658,0.639433846,,,
A,23.709,27.2857,0.700185269,,,
A,24.333,27.205,0.697491362,,,
A,24.957,25.1615,0.629275783,,,
A,25.581,23.7764,0.58303874,,,
A,26.205,23.2857,0.566658321,,,
A,26.829,23.3168,0.567696493,,,
A,27.453,23.4907,0.573501577,,,
A,28.077,24.2795,0.599833091,,,
A,28.701,25.5155,0.641092918,,,
A,29.325,27.0497,0.692307179,,,
A,29.948,29.2422,0.765496637,,,
A,30.572,28.5093,0.741031162,,,
A,31.196,26.3602,0.669290471,,,
A,31.82,25.9503,0.655607297,,,
A,32.444,24.5031,0.607297248,,,
A,33.068,22.795,0.550277903,,,
A,33.692,22.677,0.546338858,,,
A,34.316,23.0248,0.557949026,,,
A,34.94,22.9193,0.554427253,,,
A,35.564,23.1429,0.561891409,,,
A,36.188,23.9565,0.58905079,,,
A,36.812,25.1988,0.630520922,,,
A,37.436,26.2919,0.667010499,,,
A,38.059,26,0.65726637,,,
A,38.683,26.3106,0.667634737,,,
A,39.307,25.913,0.654362158,,,
A,39.931,26.5404,0.67530586,,,
A,40.555,26.2795,0.666596565,,,
A,41.179,24.7143,0.61434747,,,
A,41.803,24.5342,0.60833542,,,
A,42.427,24.9876,0.623470699,,,
A,43.051,24.6957,0.61372657,,,
A,43.675,24.0435,0.591955001,,,
A,44.299,23.5901,0.576819722,,,
A,44.923,23.0497,0.558780231,,,
A,45.547,21.7267,0.514616193,,,
A,46.171,22.6708,0.546131891,,,
A,46.794,26.5963,0.677171899,,,
A,47.418,29.4161,0.771301721,,,
A,48.042,28.4286,0.738337256,,,
A,48.666,25.6335,0.645031963,,,
A,49.29,24.3789,0.603151236,,,
A,49.914,21.8758,0.51959341,,,
A,50.538,21.087,0.493261896,,,
A,51.162,21.0311,0.491395857,,,
A,51.786,21.1242,0.494503697,,,
A,52.41,20.6087,0.477295412,,,
A,53.034,19.7019,0.447024853,,,
A,53.658,18.7516,0.415302188,,,
A,54.282,18.5839,0.409704071,,,
A,54.905,18.2981,0.400163571,,,
A,55.529,17.8323,0.384614357,,,
A,56.153,17.8882,0.386480397,,,
A,56.777,18.6957,0.413436149,,,
A,57.401,19.528,0.441219769,,,
A,58.025,20.1553,0.462160132,,,
A,58.649,22.0621,0.525812428,,,
A,59.273,22.9193,0.554427253,,,
A,59.897,21.0186,0.490978586,,,
A,60.521,19.7143,0.447438786,,,
A,61.145,19.7205,0.447645753,,,
A,61.769,19.441,0.438315558,,,
A,62.393,18.1677,0.395810592,,,
A,63.017,17.3975,0.370099978,,,
A,63.64,16.7205,0.347500542,,,
A,64.264,16.1118,0.327181079,,,
A,64.888,15.7516,0.315156978,,,
A,65.512,15.2981,0.30001836,,,
A,66.136,15.8075,0.317023017,,,
A,66.76,16,0.323449001,,,
A,67.384,16.2919,0.33319313,,,
A,68.008,15.646,0.311631866,,,
A,68.632,15.3416,0.301470466,,,
A,69.256,15.2857,0.299604426,,,
A,69.88,15.5652,0.308934622,,,
A,70.504,15.2671,0.298983526,,,
A,71.128,14.795,0.283224008,,,
A,71.751,15.0807,0.29276117,,,
A,72.375,14.5404,0.274725018,,,
A,72.999,14.5528,0.275138951,,,
A,73.623,14.7019,0.280116168,,,
A,74.247,14.6398,0.278043163,,,
A,74.871,15.1118,0.293799342,,,
A,75.495,15.7516,0.315156978,,,
A,76.119,15.7205,0.314118806,,,
A,76.743,15.8447,0.318264817,,,
A,77.367,16.2236,0.330913157,,,
A,77.991,16.3106,0.333817369,,,
A,78.615,16.1429,0.328219251,,,
A,79.239,15.8199,0.31743695,,,
A,79.863,15.5714,0.309141589,,,
A,80.486,15.7453,0.314946673,,,
A,81.11,16.0124,0.323862935,,,
A,81.734,16.118,0.327388046,,,
A,82.358,16.0497,0.325108073,,,
A,82.982,15.7578,0.315363944,,,
A,83.606,16,0.323449001,,,
A,84.23,15.6211,0.310800661,,,
A,84.854,15.1925,0.296493249,,,
A,85.478,15.1615,0.295458415,,,
A,86.102,15.3851,0.302922571,,,
A,86.726,15.4161,0.303957405,,,
A,87.35,15.5093,0.307068583,,,
A,87.974,15.5466,0.308313722,,,
A,88.597,15.4845,0.306240716,,,
A,89.221,15.0807,0.29276117,,,
A,89.845,14.9938,0.289860297,,,
A,90.469,15.3665,0.302301671,,,
A,91.093,15.6832,0.312873667,,,
A,91.717,15.7826,0.316191811,,,
A,92.341,15.8882,0.319716923,,,
A,92.965,15.4099,0.303750438,,,
A,93.589,15.0124,0.290481198,,,
A,94.213,15.2484,0.298359288,,,
A,94.837,15,0.290067264,,,
A,95.461,14.7453,0.281564936,,,
A,96.085,14.8199,0.284055213,,,
A,96.708,14.764,0.282189174,,,
A,97.332,14.3602,0.268709629,,,
A,97.956,13.9193,0.253991621,,,
A,98.58,14.2547,0.265187856,,,
A,99.204,14.882,0.286128219,,,
A,99.828,15.0932,0.293178442,,,
A,100.452,14.677,0.279284963,,,
A,101.076,14.6398,0.278043163,,,
A,101.7,15.0745,0.292554204,,,
A,102.324,15.1988,0.296703553,,,
A,102.948,14.9441,0.288201225,,,
A,103.572,14.7019,0.280116168,,,
A,104.196,14.7143,0.280530102,,,
A,104.82,15.118,0.294006309,,,
A,105.443,15.2671,0.298983526,,,
A,106.067,15.3913,0.303129538,,,
A,106.691,15.764,0.315570911,,,
A,107.315,15.8199,0.31743695,,,
A,107.939,16.7391,0.348121443,,,
A,108.563,17.4658,0.372379951,,,
A,109.187,18.0497,0.391871547,,,
A,109.811,18.1491,0.395189692,,,
A,110.435,17.5963,0.376736268,,,
A,111.059,16.6646,0.345634503,,,
A,111.683,16.5404,0.341488492,,,
A,112.307,16.6025,0.343561498,,,
A,112.931,15.9752,0.322621134,,,
A,113.554,16.2236,0.330913157,,,
A,114.178,16.5714,0.342523325,,,
A,114.802,16.2733,0.33257223,,,
A,115.426,16.5652,0.342316359,,,
A,116.05,17.2671,0.365747,,,
A,116.674,17.6211,0.377564135,,,
A,117.298,16.8323,0.351232621,,,
A,117.922,16.7205,0.347500542,,,
A,118.546,16.6087,0.343768464,,,
A,119.17,15.9503,0.321789929,,,
A,119.794,16.236,0.331327091,,,
A,120.418,17.0994,0.360148883,,,
A,121.042,16.913,0.353926527,,,
A,121.666,16.0124,0.323862935,,,
A,122.289,16.5466,0.341695458,,,
A,122.913,17.5342,0.374663262,,,
A,123.537,18.441,0.404933821,,,
A,124.161,18.882,0.419655167,,,
A,124.785,18.3416,0.401615676,,,
A,125.409,17.205,0.363673994,,,
A,126.033,16.9317,0.354550765,,,
A,126.657,17.1615,0.362221888,,,
A,127.281,16.8882,0.35309866,,,
A,127.905,16.3665,0.335683408,,,
A,128.529,15.8882,0.319716923,,,
A,129.153,15.6273,0.311007628,,,
A,129.777,15.5093,0.307068583,,,
A,130.4,16.2547,0.331951329,,,
A,131.024,16.3043,0.333607064,,,
A,131.648,15.9379,0.321375995,,,
A,132.272,15.3789,0.302715604,,,
A,132.896,15.5404,0.308106755,,,
A,133.52,15.5652,0.308934622,,,
A,134.144,16.0186,0.324069901,,,
A,134.768,16.236,0.331327091,,,
A,135.392,16.528,0.341074558,,,
A,136.016,16.8447,0.351646554,,,
A,136.64,17.0745,0.359317677,,,
A,137.264,16.7143,0.347293576,,,
A,137.888,16.4783,0.339415486,,,
A,138.512,16.8323,0.351232621,,,
A,139.135,17.1118,0.360562816,,,
A,139.759,17.1677,0.362428855,,,
A,140.383,17.118,0.360769783,,,
A,141.007,17.2609,0.365540033,,,
A,141.631,17.6087,0.377150201,,,
A,142.255,17.5404,0.374870228,,,
A,142.879,16.913,0.353926527,,,
A,143.503,16.7702,0.349159615,,,
A,144.127,16.9503,0.355171666,,,
A,144.751,17.4907,0.373211156,,,
A,145.375,17.1863,0.363049755,,,
A,145.999,17.4845,0.373004189,,,
A,146.623,17.4472,0.371759051,,,
A,147.246,17.9689,0.389174303,,,
A,147.87,18.2919,0.399956604,,,
A,148.494,17.8447,0.385028291,,,
A,149.118,17.5528,0.375284162,,,
A,149.742,17.3416,0.368233939,,,
A,150.366,17.7826,0.382955285,,,
A,150.99,17.9379,0.388139469,,,
A,151.614,17.5839,0.376322334,,,
A,152.238,16.8944,0.353305626,,,
A,152.862,16.5404,0.341488492,,,
A,153.486,16.9006,0.353512593,,,
A,154.11,17.9379,0.388139469,,,
A,154.734,19.6894,0.446607581,,,
A,155.358,20.5901,0.476674511,,,
A,155.981,20.7453,0.481855357,,,
A,156.605,21.0932,0.493468863,,,
A,157.229,20.6894,0.479989318,,,
A,157.853,20.6708,0.479368418,,,
A,158.477,21.2236,0.497821842,,,
A,159.101,21.1366,0.494917631,,,
A,159.725,20.9565,0.48890558,,,
A,160.349,20.2795,0.466306144,,,
A,160.973,19.7267,0.44785272,,,
A,161.597,20.2547,0.465478277,,,
A,162.221,20.5963,0.476881478,,,
A,162.845,19.9814,0.456355048,,,
A,163.469,18.9503,0.421935139,,,
A,164.092,19.0497,0.425253284,,,
A,164.716,19.9379,0.454902943,,,
A,165.34,20.7205,0.48102749,,,
A,165.964,20.9255,0.487870746,,,
A,166.588,21.4161,0.504247826,,,
A,167.212,22.1863,0.52995844,,,
A,167.836,22.1366,0.528299367,,,
A,168.46,21.6025,0.510470182,,,
A,169.084,21.5963,0.510263215,,,
A,169.708,22.1988,0.530375711,,,
A,170.332,23.0559,0.558987198,,,
A,170.956,22.8075,0.550695175,,,
A,171.58,20.9876,0.489943752,,,
A,172.204,19.5652,0.442461569,,,
A,172.827,19.2981,0.433545307,,,
A,173.451,18.9006,0.420276067,,,
A,174.075,19.3043,0.433752274,,,
A,174.699,19.8261,0.451170864,,,
A,175.323,20.3665,0.469210355,,,
A,175.947,21.3665,0.502592092,,,
A,176.571,21.5652,0.509225043,,,
A,177.195,21.7826,0.516482233,,,
A,177.819,21.5217,0.507772937,,,
A,178.443,21.9006,0.520421278,,,
A,179.067,21.0435,0.491809791,,,
A,179.691,20.205,0.463819205,,,
A,180.315,20.3851,0.469831255,,,
A,180.938,20.5466,0.475222406,,,
A,181.562,20.3727,0.469417322,,,
A,182.186,19.8323,0.451377831,,,
A,182.81,19.7516,0.448683925,,,
A,183.434,19.6957,0.446817886,,,
A,184.058,20.1491,0.461953165,,,
A,184.682,20.3602,0.46900005,,,
A,185.306,19.913,0.454071737,,,
A,185.93,19.9938,0.456768982,,,
A,186.554,19.7391,0.448266653,,,
A,187.178,19.5901,0.443292775,,,
A,187.802,20.5652,0.475843306,,,
A,188.426,21.1988,0.496993975,,,
A,189.05,22.5901,0.543437985,,,
A,189.673,24.3602,0.602526997,,,
A,190.297,23.5963,0.577026689,,,
A,190.921,23.5031,0.573915511,,,
A,191.545,24.0373,0.591748035,,,
A,192.169,24.8075,0.617458648,,,
A,192.793,24.882,0.619945588,,,
A,193.417,24.5466,0.608749353,,,
A,194.041,24.882,0.619945588,,,
A,194.665,25.0621,0.625957639,,,
A,195.289,24.5714,0.60957722,,,
A,195.913,23.3913,0.570183433,,,
A,196.537,22.2919,0.533483551,,,
A,197.161,21.4161,0.504247826,,,
A,197.784,21.0186,0.490978586,,,
A,198.408,21.4224,0.504458131,,,
A,199.032,21.913,0.520835211,,,
A,199.656,21.8261,0.517934338,,,
A,200.28,22.0932,0.5268506,,,
A,200.904,22.4783,0.539705907,,,
A,201.528,23.0683,0.559401132,,,
A,202.152,24.4286,0.604810308,,,
A,202.776,25.5466,0.64213109,,,
A,203.4,25.1677,0.62948275,,,
A,204.024,24.3665,0.602737302,,,
A,204.648,23.8261,0.584697812,,,
A,205.272,23.4037,0.570597366,,,
A,205.896,23.4845,0.573294611,,,
A,206.519,23.3478,0.568731327,,,
A,207.143,23.9317,0.588222923,,,
A,207.767,24.4845,0.606676347,,,
A,208.391,24.8634,0.619324687,,,
A,209.015,23.6398,0.578478794,,,
A,209.639,22.6708,0.546131891,,,
A,210.263,21.795,0.516896166,,,
A,210.887,21.9565,0.522287317,,,
A,211.511,22.6025,0.543851919,,,
A,212.135,23.4286,0.571428571,,,
A,212.759,24.3789,0.603151236,,,
A,213.383,25.3354,0.635080867,,,
A,214.007,25.0373,0.625129772,,,
A,214.63,24.3665,0.602737302,,,
A,215.254,24.8012,0.617248343,,,
A,215.878,26,0.65726637,,,
A,216.502,27.3727,0.70308948,,,
A,217.126,28.0932,0.727141021,,,
A,217.75,29.9565,0.789341211,,,
A,218.374,29.6522,0.779183149,,,
A,218.998,26.9379,0.688575101,,,
A,219.622,25.2981,0.633835728,,,
A,220.246,24.7453,0.615382304,,,
A,220.87,24.3602,0.602526997,,,
A,221.494,24.0807,0.593196802,,,
A,222.118,23.8447,0.585318712,,,
A,222.742,23.9317,0.588222923,,,
A,223.365,24.5528,0.60895632,,,
A,223.989,24.1739,0.59630798,,,
A,224.613,23.5652,0.575988517,,,
A,225.237,23.2671,0.566037421,,,
A,225.861,22.9068,0.554009981,,,
A,226.485,22.8944,0.553596048,,,
A,227.109,23.0994,0.560439304,,,
A,227.733,22.3851,0.536594729,,,
A,228.357,22.4224,0.537839868,,,
A,228.981,22.9814,0.556500259,,,
A,229.605,23.1491,0.562098376,,,
A,230.229,22.7516,0.548829136,,,
A,230.853,22.3913,0.536801696,,,
A,231.476,22.9752,0.556293292,,,
A,232.1,23.4969,0.573708544,,,
A,232.724,23.913,0.587598685,,,
A,233.348,24.4969,0.607090281,,,
A,233.972,23.7888,0.583452673,,,
A,234.596,22.4099,0.537422596,,,
A,235.22,21.9627,0.522494283,,,
A,235.844,22.1491,0.528716639,,,
A,236.468,21.9441,0.521873383,,,
A,237.092,22.1366,0.528299367,,,
A,237.716,22.4783,0.539705907,,,
A,238.34,23.0435,0.558573265,,,
A,238.964,22.3292,0.53472869,,,
A,239.587,21.4783,0.50632417,,,
A,240.211,20.9814,0.489736785,,,
A,240.835,21.0435,0.491809791,,,
A,241.459,20.7019,0.48040659,,,
A,242.083,20.0124,0.457389882,,,
A,242.707,20.4596,0.472318195,,,
A,243.331,21.4658,0.505906898,,,
A,243.955,23.0062,0.557328126,,,
A,244.579,23.3478,0.568731327,,,
A,245.203,22.3851,0.536594729,,,
A,245.827,21.7888,0.516689199,,,
A,246.451,22.8509,0.552143942,,,
A,247.075,23.559,0.57578155,,,
A,247.699,23.0745,0.559608098,,,
A,248.322,21.882,0.519800377,,,
A,248.946,20.9441,0.488491646,,,
A,249.57,20.6957,0.480199623,,,
A,250.194,20.4534,0.472111228,,,
A,250.818,19.8385,0.451584798,,,
A,251.442,20.4037,0.470452156,,,
A,252.066,21.0807,0.493051591,,,
A,252.69,21.4907,0.506738104,,,
A,253.314,21.7143,0.51420226,,,
A,253.938,22.354,0.535556557,,,
A,254.562,21.9752,0.522911555,,,
A,255.186,22.4224,0.537839868,,,
A,255.81,23.7516,0.582210872,,,
A,256.434,24.3602,0.602526997,,,
A,257.057,23.5528,0.575574583,,,
A,257.681,21.6273,0.511298049,,,
A,258.305,20.8696,0.486004707,,,
A,258.929,20.8944,0.486832574,,,
A,259.553,21.2174,0.497614875,,,
A,260.177,21.2547,0.498860014,,,
A,260.801,21.2919,0.500101814,,,
A,261.425,21.4037,0.503833892,,,
A,262.049,21.0311,0.491395857,,,
A,262.673,20.8696,0.486004707,,,
A,263.297,20.1739,0.462781032,,,
A,263.921,19.9814,0.456355048,,,
A,264.545,20.4348,0.471490328,,,
A,265.168,20.9627,0.489112547,,,
A,265.792,21.0683,0.492637658,,,
A,266.416,21.8634,0.519179477,,,
A,267.04,22.2919,0.533483551,,,
A,267.664,21.8199,0.517727371,,,
A,268.288,21.4969,0.50694507,,,
A,268.912,21.236,0.498235775,,,
A,269.536,20.8882,0.486625607,,,
A,270.16,20.7391,0.48164839,,,
A,270.784,20.913,0.487453474,,,
A,271.408,21.0186,0.490978586,,,
A,272.032,21.1615,0.495748836,,,
A,272.656,21.2671,0.499273947,,,
A,273.279,20.913,0.487453474,,,
A,273.903,20.9627,0.489112547,,,
A,274.527,21.6832,0.513164088,,,
A,275.151,22.2547,0.532241751,,,
A,275.775,21.8323,0.518141305,,,
A,276.399,20.6584,0.478954484,,,
A,277.023,20.5342,0.474808472,,,
A,277.647,20.8882,0.486625607,,,
A,278.271,20.3168,0.467551283,,,
A,278.895,20.0373,0.458221087,,,
A,279.519,19.9068,0.453864771,,,
A,280.143,20.3043,0.467134011,,,
A,280.767,19.8261,0.451170864,,,
A,281.391,19.0311,0.424632384,,,
A,282.014,19.2547,0.43209654,,,
A,282.638,19.4286,0.437901624,,,
A,283.262,19.9876,0.456562015,,,
A,283.886,20.4348,0.471490328,,,
A,284.51,20.5155,0.474184234,,,
A,285.134,20.4658,0.472525161,,,
A,285.758,19.2981,0.433545307,,,
A,286.382,18.6149,0.410738905,,,
A,287.006,18.4472,0.405140787,,,
A,287.63,18.6335,0.411359805,,,
A,288.254,18.8385,0.418203061,,,
A,288.878,18.5714,0.409286799,,,
A,289.502,18.3851,0.403067782,,,
A,290.125,17.6522,0.378602307,,,
A,290.749,18.2795,0.39954267,,,
A,291.373,19.0248,0.424422079,,,
A,291.997,18.6957,0.413436149,,,
A,292.621,18.4969,0.40679986,,,
A,293.245,18.2981,0.400163571,,,
A,293.869,18.354,0.40202961,,,
A,294.493,17.6398,0.378188373,,,
A,295.117,17.5342,0.374663262,,,
A,295.741,17.559,0.375491129,,,
A,296.365,17.3851,0.369686045,,,
A,296.989,17.7391,0.38150318,,,
A,297.613,17.8137,0.383993457,,,
A,298.237,17.2609,0.365540033,,,
A,298.86,17.1429,0.361600988,,,
A,299.484,16.8199,0.350818687,,,
A,300.108,17.1553,0.362014922,,,
A,300.732,17.4658,0.372379951,,,
A,301.356,17.2919,0.366574867,,,
A,301.98,17.3106,0.367199105,,,
A,302.604,16.9317,0.354550765,,,
A,303.228,17.2484,0.365122761,,,
A,303.852,17.3416,0.368233939,,,
A,304.476,16.9068,0.35371956,,,
A,305.1,16.4596,0.338791247,,,
A,305.724,15.795,0.316605745,,,
A,306.348,15.5466,0.308313722,,,
A,306.971,15.8261,0.317643917,,,
A,307.595,15.9689,0.322410829,,,
A,308.219,15.7143,0.313911839,,,
A,308.843,15.882,0.319509956,,,
A,309.467,16.1988,0.33008529,,,
A,310.091,17.087,0.359734949,,,
A,310.715,17.4472,0.371759051,,,
A,311.339,17.1615,0.362221888,,,
A,311.963,17.2298,0.364501861,,,
A,312.587,16.2298,0.331120124,,,
A,313.211,15.4534,0.305202544,,,
A,313.835,15.9379,0.321375995,,,
A,314.459,15.7888,0.316398778,,,
A,315.083,15.5714,0.309141589,,,
A,315.706,15.5155,0.30727555,,,
A,316.33,15.0683,0.292347237,,,
A,316.954,15.0497,0.291726337,,,
A,317.578,14.4969,0.273272912,,,
A,318.202,14.2981,0.266636623,,,
A,318.826,14.8447,0.28488308,,,
A,319.45,14.8634,0.285507319,,,
A,320.074,14.5031,0.273479879,,,
A,320.698,14.6957,0.279909202,,,
A,321.322,14.8571,0.285297014,,,
A,321.946,14.323,0.267467828,,,
A,322.57,13.882,0.252746482,,,
A,323.194,14.1242,0.260831539,,,
A,323.817,14.1242,0.260831539,,,
A,324.441,14.1925,0.263111512,,,
A,325.065,14.0932,0.259796705,,,
A,325.689,14.1304,0.261038506,,,
A,326.313,14.1925,0.263111512,,,
A,326.937,14.2671,0.265601789,,,
A,327.561,15.4472,0.304995577,,,
A,328.185,15.7205,0.314118806,,,
A,328.809,15.0683,0.292347237,,,
A,329.433,14.9317,0.287787292,,,
A,330.057,14.4534,0.271820807,,,
A,330.681,14.5093,0.273686846,,,
A,331.305,14.4845,0.272858979,,,
A,331.929,14.1118,0.260417606,,,
A,332.552,13.9068,0.253574349,,,
A,333.176,13.5714,0.242378115,,,
A,333.8,13.5404,0.241343281,,,
A,334.424,13.1863,0.229522808,,,
A,335.048,13.1615,0.228694941,,,
A,335.672,13.6087,0.243623254,,,
A,336.296,13.6025,0.243416287,,,
A,336.92,13.118,0.227242835,,,
A,337.544,12.8944,0.219778679,,,
A,338.168,12.9627,0.222058652,,,
A,338.792,12.9689,0.222265618,,,
A,339.416,12.8261,0.217498706,,,
A,340.04,12.6087,0.210241517,,,
A,340.663,12.9565,0.221851685,,,
A,341.287,13.7143,0.247148365,,,
A,341.911,13.5155,0.240512076,,,
A,342.535,13.6335,0.244451121,,,
A,343.159,13.6832,0.246110193,,,
A,343.783,13.3478,0.234913959,,,
A,344.407,13.0994,0.226621935,,,
A,345.031,13.0745,0.22579073,,,
A,345.655,13.118,0.227242835,,,
A,346.279,13.7205,0.247355332,,,
A,346.903,14.2112,0.26373575,,,
A,347.527,13.4783,0.239270275,,,
A,348.151,12.7391,0.214594495,,,
A,348.775,13.2236,0.230767947,,,
A,349.398,13.7516,0.248393504,,,
A,350.022,13.7081,0.246941398,,,
A,350.646,13.4969,0.239891176,,,
A,351.27,13,0.22330379,,,
A,351.894,12.8137,0.217084773,,,
A,352.518,13.0745,0.22579073,,,
A,353.142,13.4534,0.23843907,,,
A,353.766,13.8696,0.252332549,,,
A,354.39,13.5466,0.241550248,,,
A,355.014,13.0621,0.225376796,,,
A,355.638,12.8075,0.216877806,,,
A,356.262,13.1366,0.227863736,,,
A,356.886,13.7081,0.246941398,,,
A,357.509,13.5714,0.242378115,,,
A,358.133,13.7578,0.248600471,,,
A,358.757,13.5217,0.240719043,,,
A,359.381,13.8137,0.25046651,,,
A,360.005,14.5342,0.274518051,,,
A,360.629,14.441,0.271406873,,,
A,361.253,14.5652,0.275552885,,,
A,361.877,14.2981,0.266636623,,,
A,362.501,13.9689,0.255647355,,,
A,363.125,14.4348,0.271199907,,,
A,363.749,14.7826,0.282810075,,,
A,364.373,14.6646,0.27887103,,,
A,364.997,13.9752,0.25585766,,,
A,365.621,13.9006,0.253367383,,,
A,366.244,14.0124,0.257099461,,,
A,366.868,14.1242,0.260831539,,,
A,367.492,14.1615,0.262076678,,,
A,368.116,14.2112,0.26373575,,,
A,368.74,13.9503,0.255026455,,,
A,369.364,13.4907,0.239684209,,,
A,369.988,13.1491,0.228281007,,,
A,370.612,13.8012,0.250049238,,,
A,371.236,13.2174,0.23056098,,,
A,371.86,12.9689,0.222265618,,,
A,372.484,12.8758,0.219157779,,,
A,373.108,13.0745,0.22579073,,,
A,373.732,12.7205,0.213973595,,,
A,374.355,12.6273,0.210862417,,,
A,374.979,12.8385,0.21791264,,,
A,375.603,12.9689,0.222265618,,,
A,376.227,13.2671,0.232220052,,,
A,376.851,13.4286,0.237611203,,,
A,377.475,13.2733,0.232427019,,,
A,378.099,13.2919,0.233047919,,,
A,378.723,13.5404,0.241343281,,,
A,379.347,13.5776,0.242585082,,,
A,379.971,13.205,0.230147047,,,
A,380.595,13.1366,0.227863736,,,
A,381.219,13.8385,0.251294377,,,
A,381.843,14,0.256685527,,,
A,382.466,13.0621,0.225376796,,,
A,383.09,13.1118,0.227035869,,,
A,383.714,13.8137,0.25046651,,,
A,384.338,14.087,0.259589738,,,
A,384.962,14.3106,0.267053895,,,
A,385.586,14.0124,0.257099461,,,
A,386.21,14.2795,0.266015723,,,
A,386.834,14.4658,0.27223474,,,
A,387.458,15.0435,0.29151937,,,
A,388.082,14.5342,0.274518051,,,
A,388.706,13.9752,0.25585766,,,
A,389.33,14.4348,0.271199907,,,
A,389.954,15.4472,0.304995577,,,
A,390.578,15.4596,0.30540951,,,
A,391.201,14.8447,0.28488308,,,
A,391.825,14.236,0.264563617,,,
A,392.449,13.764,0.248807437,,,
A,393.073,14.0497,0.2583446,,,
A,393.697,14.205,0.263528783,,,
A,394.321,13.8012,0.250049238,,,
A,394.945,14.1925,0.263111512,,,
A,395.569,14.1615,0.262076678,,,
A,396.193,13.8199,0.250673477,,,
A,396.817,13.1863,0.229522808,,,
A,397.441,13.1429,0.228074041,,,
A,398.065,12.7578,0.215218734,,,
A,398.689,12.2609,0.198631349,,,
A,399.312,12.3727,0.202363427,,,
A,399.936,12.9317,0.221023818,,,
A,400.56,13.1056,0.226828902,,,
B,0,3.1491,0,,,
B,0.624,3.5528,0.009076336,,,
B,1.248,3.7329,0.013125502,,,
B,1.872,4.0932,0.021226081,,,
B,2.496,4.7391,0.035747769,,,
B,3.12,5.7702,0.05892986,,,
B,3.744,6.441,0.074011372,,,
B,4.367,6.6398,0.078480967,,,
B,4.991,7.0248,0.087136873,,,
B,5.615,7.6273,0.100682805,,,
B,6.239,7.5901,0.099846442,,,
B,6.863,7.5839,0.099707048,,,
B,7.487,7.4286,0.096215458,,,
B,8.111,6.8944,0.084205107,,,
B,8.735,6.9441,0.085322506,,, 
B,9.359,8.3727,0.117441539,,,
B,9.983,9.0497,0.132662444,,,
B,10.607,9.7329,0.148022744,,,
B,11.231,10.0559,0.155284712,,,
B,11.855,9.8944,0.151653728,,,
B,12.479,10.472,0.164639836,,,
B,13.102,10.3975,0.162964862,,,
B,13.726,10.3789,0.16254668,,,
B,14.35,10.0621,0.155424106,,,
B,14.974,10.6584,0.168830643,,,
B,15.598,11.8944,0.196619475,,,
B,16.222,12.3478,0.20681321,,,
B,16.846,12.6025,0.212539598,,,
B,17.47,13.528,0.233347498,,,
B,18.094,17.3416,0.319088185,,,
B,18.718,18.7453,0.350647394,,,
B,19.342,14.6646,0.258901532,,,
B,19.966,13.8261,0.240049642,,,
B,20.59,14.5093,0.255409941,,,
B,21.213,15.6398,0.28082683,,,
B,21.837,14.8571,0.263229485,,,
B,22.461,12.7516,0.215891794,,,
B,23.085,12.3043,0.205835205,,,
B,23.709,12.8323,0.217706162,,,
B,24.333,14.1988,0.248429009,,,
B,24.957,15.3727,0.274821655,,,
B,25.581,16.1615,0.292556145,,,
B,26.205,18.2484,0.339475654,,,
B,26.829,19.1118,0.358887368,,,
B,27.453,18.2236,0.338918079,,,
B,28.077,21.0124,0.401618317,,,
B,28.701,22.5901,0.437089547,,,
B,29.325,24.1491,0.472140347,,,
B,29.948,24.8323,0.487500646,,,
B,30.572,23.0745,0.447980251,,,
B,31.196,21.5528,0.413768062,,,
B,31.82,23.6398,0.46068982,,,
B,32.444,26.323,0.521015866,,,
B,33.068,28.882,0.57854954,,,
B,33.692,28.3913,0.567517194,,,
B,34.316,25.6584,0.506073748,,,
B,34.94,25.4099,0.500486754,,,
B,35.564,21.913,0.421866393,,,
B,36.188,21.0373,0.402178141,,,
B,36.812,24.1056,0.471162342,,,
B,37.436,24.1863,0.47297671,,,
B,38.059,20.2609,0.384722438,,,
B,38.683,19.1925,0.360701735,,,
B,39.307,22.0062,0.423961797,,,
B,39.931,22.1615,0.427453387,,,
B,40.555,22.8571,0.443092474,,,
B,41.179,23.6584,0.461108001,,,
B,41.803,25.9503,0.512636499,,,
B,42.427,27.7702,0.553553081,,,
B,43.051,32.7516,0.665549268,,,
B,43.675,42.3478,0.88129942,,,
B,44.299,39.3975,0.814968198,,,
B,44.923,33.4658,0.681606536,,,
B,45.547,27.6025,0.549782703,,,
B,46.171,24.7578,0.485825672,,,
B,46.794,23.9503,0.467670752,,,
B,47.418,25.2112,0.496019407,,,
B,48.042,26.3665,0.521993871,,,
B,48.666,22.7702,0.441138713,,,
B,49.29,20.3354,0.386397412,,,
B,49.914,20.677,0.394077561,,,
B,50.538,24.8634,0.488199864,,,
B,51.162,33.4658,0.681606536,,,
B,51.786,38.3975,0.792485324,,,
B,52.41,32.3913,0.657448688,,,
B,53.034,27.3354,0.543777527,,,
B,53.658,26.6211,0.527718011,,,
B,54.282,25.0435,0.492249029,,,
B,54.905,24.0186,0.469206332,,,
B,55.529,23.7453,0.463061763,,,
B,56.153,28.7081,0.574639768,,,
B,56.777,36.1677,0.742353013,,,
B,57.401,38.1366,0.786619543,,,
B,58.025,43.5217,0.907692066,,,
B,58.649,40.9876,0.850718215,,,
B,59.273,36.4783,0.749336193,,,
B,59.897,37.1366,0.764136669,,,
B,60.521,38.1118,0.786061967,,,
B,61.145,43.7578,0.913000272,,,
B,61.769,44.4783,0.929199183,,,
B,62.393,43.0621,0.897358937,,,
B,63.017,39.1677,0.809801634,,,
B,63.64,32.9876,0.670855226,,,
B,64.264,27.7205,0.552435682,,,
B,64.888,26.3851,0.522412053,,,
B,65.512,27.0124,0.536515559,,,
B,66.136,25.6832,0.506631324,,,
B,66.76,24.9938,0.49113163,,,
B,67.384,23.3913,0.455102825,,,
B,68.008,22.2298,0.428988968,,,
B,68.632,21.441,0.411254477,,,
B,69.256,22.4472,0.433876744,,,
B,69.88,25.2609,0.497136806,,,
B,70.504,23.7143,0.462364794,,,
B,71.128,19.6025,0.369919714,,,
B,71.751,18.7516,0.350789036,,,
B,72.375,20.3602,0.386954987,,,
B,72.999,21.3354,0.408880285,,,
B,73.623,22.7578,0.440859925,,,
B,74.247,25.2671,0.4972762,,,
B,74.871,30.9503,0.625050868,,,
B,75.495,35.4534,0.726293496,,,
B,76.119,32.4783,0.659404698,,,
B,76.743,32.2236,0.653678311,,,
B,77.367,29.7391,0.597819611,,,
B,77.991,27.1925,0.540564725,,,
B,78.615,27.0745,0.537911746,,,
B,79.239,26.0311,0.514453115,,,
B,79.863,25.8199,0.509704732,,,
B,80.486,23.3789,0.454824038,,,
B,81.11,23.1615,0.449936261,,,
B,81.734,24.9503,0.490153625,,,
B,82.358,24.0932,0.470883554,,,
B,82.982,21.4472,0.411393871,,,
B,83.606,20.7143,0.394916173,,,
B,84.23,20.3106,0.385839837,,,
B,84.854,23.7764,0.46376098,,,
B,85.478,23.6832,0.461665576,,,
B,86.102,21.528,0.413210487,,,
B,86.726,20.1739,0.382766428,,,
B,87.35,18.3168,0.341013483,,,
B,87.974,15.6832,0.281802587,,,
B,88.598,15.5714,0.279289002,,,
B,89.221,16.5342,0.300935512,,,
B,89.845,15.5652,0.279149608,,,
B,90.469,14.2981,0.250661559,,,
B,91.093,14.7826,0.261554511,,,
B,91.717,16.4037,0.298001497,,,
B,92.341,16.7516,0.305823289,,,
B,92.965,14.6708,0.259040926,,,
B,93.589,13.0497,0.222593939,,,
B,94.213,11.764,0.193687708,,,
B,94.837,11.5466,0.188799932,,,
B,95.461,11.8758,0.196201294,,,
B,96.085,12.8571,0.218263738,,,
B,96.709,12.5217,0.210722982,,,
B,97.332,12.1925,0.20332162,,,
B,97.956,11.9814,0.198575485,,,
B,98.58,11.9006,0.196758869,,,
B,99.204,11.8571,0.195780864,,,
B,99.828,11.9379,0.19759748,,,
B,100.452,12.4783,0.209747225,,,
B,101.076,13.0994,0.223711338,,,
B,101.7,11.5776,0.189496901,,,
B,102.324,10.795,0.171901804,,,
B,102.948,10.6894,0.169527612,,,
B,103.572,10.8075,0.17218284,,,
B,104.196,12.0745,0.200668641,,,
B,104.82,12.8882,0.218962955,,,
B,105.444,11.528,0.18838175,,,
B,106.067,11.1801,0.180559958,,,
B,106.691,10.4534,0.164221654,,,
B,107.315,11.6708,0.191592305,,,
B,107.939,14.0559,0.245216207,,,
B,108.563,12.3354,0.206534422,,,
B,109.187,10.8323,0.172740415,,,
B,109.811,11.1304,0.17944256,,,
B,110.435,11.1118,0.179024378,,,
B,111.059,10.3416,0.161708069,,,
B,111.683,11.2484,0.182095539,,,
B,112.307,10.9193,0.174696425,,,
B,112.931,10.9006,0.174275995,,,
B,113.555,10.7702,0.171344229,,,
B,114.178,11.2919,0.183073544,,,
B,114.802,11.646,0.191034729,,,
B,115.426,11.6957,0.192152128,,,
B,116.05,11.118,0.179163772,,,
B,116.674,10.8199,0.172461627,,,
B,117.298,10,0.154027919,,,
B,117.922,10.0373,0.15486653,,,
B,118.546,10.4845,0.164920872,,,
B,119.17,10.9379,0.175114606,,,
B,119.794,10.9193,0.174696425,,,
B,120.418,11.0248,0.177068368,,,
B,121.042,11.9317,0.197458086,,,
B,121.666,16.9193,0.309593667,,,
B,122.29,19.2857,0.362797139,,,
B,122.913,14.2981,0.250661559,,,
B,123.537,11.3665,0.184750766,,,
B,124.161,10.4534,0.164221654,,,
B,124.785,10.2484,0.159612665,,,
B,125.409,11.0497,0.177628192,,,
B,126.033,12.323,0.206255635,,,
B,126.657,12.4845,0.209886619,,,
B,127.281,12.0745,0.200668641,,,
B,127.905,10.5901,0.167295063,,,
B,128.529,9.8199,0.149978754,,,
B,129.153,9.8944,0.151653728,,,
B,129.777,9.8199,0.149978754,,,
B,130.401,10.0248,0.154585494,,,
B,131.024,10.0248,0.154585494,,,
B,131.648,9.8571,0.150815117,,,
B,132.272,10.4099,0.163243649,,,
B,132.896,10.472,0.164639836,,,
B,133.52,10.5652,0.166735239,,,
B,134.144,9.7143,0.147604562,,,
B,134.768,10.2981,0.160730064,,,
B,135.392,11.4969,0.187682533,,,
B,136.016,11.677,0.191731698,,,
B,136.64,11.1491,0.179862989,,,
B,137.264,11.1491,0.179862989,,,
B,137.888,11.354,0.18446973,,,
B,138.512,10.7453,0.170784405,,,
B,139.136,10.6273,0.168131426,,,
B,139.759,10.3727,0.162407286,,,
B,140.383,9.8199,0.149978754,,,
B,141.007,10.236,0.159333877,,,
B,141.631,11.2795,0.182794756,,,
B,142.255,10.8199,0.172461627,,,
B,142.879,10.5652,0.166735239,,,
B,143.503,10.6398,0.168412462,,,
B,144.127,10.6087,0.167713244,,,
B,144.751,10.2298,0.159194484,,,
B,145.375,10.8696,0.173579026,,,
B,145.999,11.0373,0.177349404,,,
B,146.623,10.2112,0.158776302,,,
B,147.247,10.4224,0.163524685,,,
B,147.87,10.236,0.159333877,,,
B,148.494,9.4161,0.140900169,,,
B,149.118,9.5839,0.144672795,,,
B,149.742,9.8261,0.150118148,,,
B,150.366,9.6087,0.145230371,,,
B,150.99,9.4099,0.140760775,,,
B,151.614,9.2609,0.137410827,,,
B,152.238,9.4161,0.140900169,,,
B,152.862,10.0186,0.154446101,,,
B,153.486,10.0994,0.156262717,,,
B,154.11,10.8075,0.17218284,,,
B,154.734,10.5776,0.167014027,,,
B,155.358,10.4534,0.164221654,,,
B,155.982,10.9441,0.175254,,,
B,156.605,10.4907,0.165060265,,,
B,157.229,10.9317,0.174975213,,,
B,157.853,11.7516,0.193408921,,,
B,158.477,12.8199,0.217427375,,,
B,159.101,13.087,0.22343255,,,
B,159.725,11.0186,0.176928974,,,
B,160.349,10.4534,0.164221654,,,
B,160.973,9.8447,0.150536329,,,
B,161.597,9.5901,0.144812189,,,
B,162.221,9.3913,0.140342594,,,
B,162.845,9.2609,0.137410827,,,
B,163.469,10.3416,0.161708069,,,
B,164.093,10.795,0.171901804,,,
B,164.716,10.7081,0.169948042,,,
B,165.34,10.6273,0.168131426,,,
B,165.964,10.646,0.168551856,,,
B,166.588,10.7081,0.169948042,,,
B,167.212,11.0497,0.177628192,,,
B,167.836,11.2733,0.182655362,,,
B,168.46,10.9441,0.175254,,,
B,169.084,11.7453,0.193267279,,,
B,169.708,12.0683,0.200529247,,,
B,170.332,11.2919,0.183073544,,,
B,170.956,11.2547,0.182237181,,,
B,171.58,12.0994,0.201228464,,,
B,172.204,12.6273,0.213097173,,,
B,172.828,12.5093,0.210444194,,,
B,173.451,12.2795,0.20527763,,,
B,174.075,12.3168,0.206116241,,,
B,174.699,12.3106,0.205976847,,,
B,175.323,11.9876,0.198714879,,,
B,175.947,11.7391,0.193127885,,,
B,176.571,11.8261,0.195083895,,,
B,177.195,11.7143,0.19257031,,,
B,177.819,10.9565,0.175532788,,,
B,178.443,10.8199,0.172461627,,,
B,179.067,10.6335,0.16827082,,,
B,179.691,10.5839,0.167155669,,,
B,180.315,10.7205,0.17022683,,,
B,180.939,10.9752,0.175953218,,,
B,181.562,10.6522,0.168691249,,,
B,182.186,10.4037,0.163104255,,,
B,182.81,10.4348,0.163803473,,,
B,183.434,10.1491,0.157380116,,,
B,184.058,10.3727,0.162407286,,,
B,184.682,10.1056,0.156402111,,,
B,185.306,9.9317,0.152492339,,,
B,185.93,9.8944,0.151653728,,,
B,186.554,10.1118,0.156541505,,,
B,187.178,10.4286,0.163664079,,,
B,187.802,10.0559,0.155284712,,,
B,188.426,9.6335,0.145787946,,,
B,189.05,9.8758,0.151235546,,,
B,189.674,9.9627,0.153189308,,,
B,190.297,9.6149,0.145369765,,,
B,190.921,9.5652,0.144252366,,,
B,191.545,9.4845,0.142437998,,,
B,192.169,9.1615,0.13517603,,,
B,192.793,9.0435,0.132523051,,,
B,193.417,9.0621,0.132941232,,,
B,194.041,9.5528,0.143973578,,,
B,194.665,9.8323,0.150257541,,,
B,195.289,9.4472,0.141599387,,,
B,195.913,8.6708,0.124143684,,,
B,196.537,8.4596,0.119395301,,,
B,197.161,9.0311,0.132244263,,,
B,197.785,9.3478,0.139364589,,,
B,198.408,9.5652,0.144252366,,,
B,199.032,10.0621,0.155424106,,,
B,199.656,10.5093,0.165478447,,,
B,200.28,10.2981,0.160730064,,,
B,200.904,10.8882,0.173997208,,,
B,201.528,11.087,0.178466803,,,
B,202.152,11.5404,0.188660538,,,
B,202.776,11.7143,0.19257031,,,
B,203.4,10.9503,0.175393394,,,
B,204.024,10.6832,0.169388219,,,
B,204.648,10.8509,0.173158596,,,
B,205.272,10.3043,0.160869458,,,
B,205.896,10.3354,0.161568675,,,
B,206.52,10.6522,0.168691249,,,
B,207.143,10.205,0.158636908,,,
B,207.767,10.0932,0.156123323,,,
B,208.391,10.0994,0.156262717,,,
B,209.015,9.7578,0.148582567,,,
B,209.639,10.0745,0.155702893,,,
B,210.263,10.7205,0.17022683,,,
B,210.887,10.6211,0.167992032,,,
B,211.511,10.472,0.164639836,,,
B,212.135,10.8447,0.173019203,,,
B,212.759,10.5652,0.166735239,,,
B,213.383,10.1553,0.15751951,,,
B,214.007,9.9814,0.153609738,,,
B,214.631,10.1429,0.157240722,,,
B,215.254,10.087,0.155983929,,,
B,215.878,10.5776,0.167014027,,,
B,216.502,10.9565,0.175532788,,,
B,217.126,10.3975,0.162964862,,,
B,217.75,10.2981,0.160730064,,,
B,218.374,9.9255,0.152352945,,,
B,218.998,9.6646,0.146487163,,,
B,219.622,9.6957,0.147186381,,,
B,220.246,9.6584,0.14634777,,,
B,220.87,10.1739,0.157937691,,,
B,221.494,10.1553,0.15751951,,,
B,222.118,10.6708,0.169109431,,,
B,222.742,10.9689,0.175811576,,,
B,223.366,11.0497,0.177628192,,,
B,223.989,11.3851,0.185168948,,,
B,224.613,11.1118,0.179024378,,,
B,225.237,10.8385,0.172879809,,,
B,225.861,10.8696,0.173579026,,,
B,226.485,10.5963,0.167434457,,,
B,227.109,10.6646,0.168970037,,,
B,227.733,11.2733,0.182655362,,,
B,228.357,10.8696,0.173579026,,,
B,228.981,10.6708,0.169109431,,,
B,229.605,10.205,0.158636908,,,
B,230.229,10.1739,0.157937691,,,
B,230.853,10.2795,0.160311882,,,
B,231.477,10.2422,0.159473271,,,
B,232.1,9.9193,0.152213551,,,
B,232.724,9.3789,0.140063806,,,
B,233.348,9.5466,0.143834184,,,
B,233.972,9.9193,0.152213551,,,
B,234.596,10.354,0.161986857,,,
B,235.22,9.9814,0.153609738,,,
B,235.844,10.5901,0.167295063,,,
B,236.468,10.4845,0.164920872,,,
B,237.092,10.4907,0.165060265,,,
B,237.716,10.6335,0.16827082,,,
B,238.34,10.6584,0.168830643,,,
B,238.964,10.7578,0.171065441,,,
B,239.588,10.7764,0.171483622,,,
B,240.212,11.4472,0.186565134,,,
B,240.835,10.913,0.174554783,,,
B,241.459,10.5901,0.167295063,,,
B,242.083,10.4472,0.16408226,,,
B,242.707,10,0.154027919,,,
B,243.331,10.2174,0.158915696,,,
B,243.955,10.6398,0.168412462,,,
B,244.579,10.5217,0.165757234,,,
B,245.203,10.7081,0.169948042,,,
B,245.827,10.5342,0.16603827,,,
B,246.451,10.4161,0.163383043,,,
B,247.075,10.5963,0.167434457,,,
B,247.699,10.6398,0.168412462,,,
B,248.323,10.3043,0.160869458,,,
B,248.947,10.0062,0.154167313,,,
B,249.57,10.2733,0.160172489,,,
B,250.194,10.6832,0.169388219,,,
B,250.818,10.9503,0.175393394,,,
B,251.442,10.7453,0.170784405,,,
B,252.066,10.7267,0.170366224,,,
B,252.69,11.0683,0.178046373,,,
B,253.314,11.0062,0.176650187,,,
B,253.938,10.9752,0.175953218,,,
B,254.562,10.9876,0.176232005,,,
B,255.186,11.1739,0.180420565,,,
B,255.81,10.8696,0.173579026,,,
B,256.434,10.6149,0.167852638,,,
B,257.058,10.8385,0.172879809,,,
B,257.681,11.1491,0.179862989,,,
B,258.305,11.6087,0.190196118,,,
B,258.929,11.3416,0.184190943,,,
B,259.553,11.4348,0.186286346,,,
B,260.177,10.9627,0.175672182,,,
B,260.801,10.3665,0.162267892,,,
B,261.425,10.472,0.164639836,,,
B,262.049,10.3168,0.161150494,,,
B,262.673,10.2733,0.160172489,,,
B,263.297,10.3354,0.161568675,,,
B,263.921,10.4783,0.164781478,,,
B,264.545,10.1615,0.157658903,,,
B,265.169,10.6025,0.167573851,,,
B,265.793,10.0124,0.154306707,,,
B,266.416,9.7453,0.148301531,,,
B,267.04,10.4224,0.163524685,,,
B,267.664,11.087,0.178466803,,,
B,268.288,10.9627,0.175672182,,,
B,268.912,11.3168,0.183633367,,,
B,269.536,10.9193,0.174696425,,,
B,270.16,11.1304,0.17944256,,,
B,270.784,11.0435,0.177488798,,,
B,271.408,10.6708,0.169109431,,,
B,272.032,10.4161,0.163383043,,,
B,272.656,10.0621,0.155424106,,,
B,273.28,9.3602,0.139643377,,,
B,273.904,9.1429,0.134757848,,,
B,274.527,9.1242,0.134337418,,,
B,275.151,9.4037,0.140621382,,,
B,275.775,9.7826,0.149140142,,,
B,276.399,10.0932,0.156123323,,,
B,277.023,10.9938,0.176371399,,,
B,277.647,10.7826,0.171623016,,,
B,278.271,10.2857,0.160451276,,,
B,278.895,10.1242,0.156820292,,,
B,279.519,9.764,0.148721961,,,
B,280.143,10.3851,0.162686074,,,
B,280.767,10.3168,0.161150494,,,
B,281.391,10.5031,0.165339053,,,
B,282.015,9.9193,0.152213551,,,
B,282.639,9.9752,0.153470344,,,
B,283.262,9.9565,0.153049914,,,
B,283.886,9.5652,0.144252366,,,
B,284.51,10.3913,0.162825468,,,
B,285.134,10.2795,0.160311882,,,
B,285.758,10.8323,0.172740415,,,
B,286.382,10.8385,0.172879809,,,
B,287.006,11.0497,0.177628192,,,
B,287.63,10.6025,0.167573851,,,
B,288.254,10.0683,0.1555635,,,
B,288.878,9.9876,0.153749132,,,
B,289.502,9.5652,0.144252366,,,
B,290.126,10.0186,0.154446101,,,
B,290.75,10.4783,0.164781478,,,
B,291.373,9.4658,0.142017568,,,
B,291.997,9.7391,0.148162137,,,
B,292.621,9.9193,0.152213551,,,
B,293.245,9.9876,0.153749132,,,
B,293.869,10.2547,0.159754307,,,
B,294.493,10.5528,0.166456452,,,
B,295.117,11.1304,0.17944256,,,
B,295.741,11.4845,0.187403745,,,
B,296.365,11.7081,0.192430916,,,
B,296.989,13.1304,0.224408307,,,
B,297.613,12.9876,0.221197753,,,
B,298.237,12.1553,0.202485257,,,
B,298.861,11.0745,0.178185767,,,
B,299.484,10.1118,0.156541505,,,
B,300.108,10.2298,0.159194484,,,
B,300.732,11.0621,0.177906979,,,
B,301.356,11.354,0.18446973,,,
B,301.98,11.4596,0.186843922,,,
B,302.604,10.8261,0.172601021,,,
B,303.228,10.6273,0.168131426,,,
B,303.852,10.5652,0.166735239,,,
B,304.476,10.5776,0.167014027,,,
B,305.1,10.1863,0.158216479,,,
B,305.724,10.205,0.158636908,,,
B,306.348,9.8509,0.150675723,,,
B,306.972,10.1925,0.158355872,,,
B,307.596,10.4907,0.165060265,,,
B,308.219,10.8385,0.172879809,,,
B,308.843,10.913,0.174554783,,,
B,309.467,10.3043,0.160869458,,,
B,310.091,9.6584,0.14634777,,,
B,310.715,9.3602,0.139643377,,,
B,311.339,8.3727,0.117441539,,,
B,311.963,8.6025,0.122608103,,,
B,312.587,8.795,0.126936056,,,
B,313.211,8.6646,0.12400429,,,
B,313.835,8.882,0.128892066,,,
B,314.459,9.1118,0.134058631,,,
B,315.083,8.3913,0.11785972,,,
B,315.707,8.7267,0.125400476,,,
B,316.331,8.9441,0.130288253,,,
B,316.954,9.3975,0.140481988,,,
B,317.578,10.1242,0.156820292,,,
B,318.202,10.118,0.156680898,,,
B,318.826,10.2981,0.160730064,,,
B,319.45,9.7205,0.147743956,,,
B,320.074,9.0062,0.131684439,,,
B,320.698,8.8199,0.12749588,,,
B,321.322,9.5342,0.143555397,,,
B,321.946,9.6087,0.145230371,,,
B,322.57,9.2298,0.13671161,,,
B,323.194,9.1988,0.136014641,,,
B,323.818,9.4969,0.142716785,,,
B,324.442,9.2484,0.137129791,,,
B,325.065,8.9565,0.130567041,,,
B,325.689,8.4969,0.120233912,,,
B,326.313,8.5466,0.121351311,,,
B,326.937,8.3913,0.11785972,,,
B,327.561,7.9317,0.107526592,,,
B,328.185,8.5093,0.120512699,,,
B,328.809,8.4845,0.119955124,,,
B,329.433,8.4969,0.120233912,,,
B,330.057,8.3913,0.11785972,,,
B,330.681,8.5963,0.122468709,,,
B,331.305,9.0497,0.132662444,,,
B,331.929,9.559,0.144112972,,,
B,332.553,9.6273,0.145648552,,,
B,333.177,10.4037,0.163104255,,,
B,333.8,10.1925,0.158355872,,,
B,334.424,9.472,0.142156962,,,
B,335.048,9.1429,0.134757848,,,
B,335.672,9.5155,0.143134967,,,
B,336.296,10.472,0.164639836,,,
B,336.92,10.3478,0.161847463,,,
B,337.544,9.6025,0.145090977,,,
B,338.168,9.3665,0.139785019,,,
B,338.792,9.1739,0.135454817,,,
B,339.416,9.2671,0.137550221,,,
B,340.04,9.2919,0.138107796,,,
B,340.664,8.9752,0.13098747,,,
B,341.288,9.4969,0.142716785,,,
B,341.911,9.3354,0.139085801,,,
B,342.535,9.0124,0.131823833,,,
B,343.159,9.1925,0.135872999,,,
B,343.783,9.0807,0.133359413,,,
B,344.407,8.8012,0.12707545,,,
B,345.031,8.9193,0.129730678,,,
B,345.655,9.4224,0.141041811,,,
B,346.279,9.2236,0.136572216,,,
B,346.903,8.9752,0.13098747,,,
B,347.527,8.7578,0.126099694,,,
B,348.151,9.0435,0.132523051,,,
B,348.775,9.1242,0.134337418,,,
B,349.399,8.9752,0.13098747,,,
B,350.023,9.2671,0.137550221,,,
B,350.646,9.0497,0.132662444,,,
B,351.27,9.1118,0.134058631,,,
B,351.894,9.2236,0.136572216,,,
B,352.518,9.2484,0.137129791,,,
B,353.142,9.472,0.142156962,,,
B,353.766,10.0994,0.156262717,,,
B,354.39,8.646,0.123586108,,,
B,355.014,8.7826,0.126657269,,,
B,355.638,8.9503,0.130427647,,,
B,356.262,8.9255,0.129870071,,,
B,356.886,8.2919,0.115624923,,,
B,357.51,8.2236,0.114089342,,,
B,358.134,8.4472,0.119116513,,,
B,358.757,8.4224,0.118558938,,,
B,359.381,8.9627,0.130706434,,,
B,360.005,8.8509,0.128192849,,,
B,360.629,8.441,0.118977119,,,
B,361.253,8.677,0.124283077,,,
B,361.877,9.0373,0.132383657,,,
B,362.501,8.8758,0.128752673,,,
B,363.125,9.1739,0.135454817,,,
B,363.749,8.6398,0.123446714,,,
B,364.373,8.4099,0.118277902,,,
B,364.997,8.8509,0.128192849,,,
B,365.621,9.0497,0.132662444,,,
B,366.245,9.0373,0.132383657,,,
B,366.869,8.7702,0.126378481,,,
B,367.492,8.4348,0.118837725,,,
B,368.116,8.8758,0.128752673,,,
B,368.74,8.764,0.126239087,,,
B,369.364,8.8323,0.127774668,,,
B,369.988,8.8447,0.128053455,,,
B,370.612,8.6149,0.122886891,,,
B,371.236,9.205,0.136154035,,,
B,371.86,9.2236,0.136572216,,,
B,372.484,8.9565,0.130567041,,,
B,373.108,8.7826,0.126657269,,,
B,373.732,8.4224,0.118558938,,,
B,374.356,8.7267,0.125400476,,,
B,374.98,9.0683,0.133080626,,,
B,375.603,9.0124,0.131823833,,,
B,376.227,8.9317,0.130009465,,,
B,376.851,9.8323,0.150257541,,,
B,377.475,9.5466,0.143834184,,,
B,378.099,9.1677,0.135315423,,,
B,378.723,8.8696,0.128613279,,,
B,379.347,8.8571,0.128332243,,,
B,379.971,9.2174,0.136432822,,,
B,380.595,9.2919,0.138107796,,,
B,381.219,9.4658,0.142017568,,,
B,381.843,9.5901,0.144812189,,,
B,382.467,9.6522,0.146208376,,,
B,383.091,9.4534,0.14173878,,,
B,383.715,9.1863,0.135733605,,,
B,384.338,8.6584,0.123864896,,,
B,384.962,8.7267,0.125400476,,,
B,385.586,8.6957,0.124703507,,,
B,386.21,8.118,0.111715151,,,
B,386.834,7.7516,0.103477426,,,
B,387.458,7.8882,0.106548587,,,
B,388.082,8.2112,0.113810555,,,
B,388.706,8.0186,0.109480353,,,
B,389.33,8.8447,0.128053455,,,
B,389.954,9.1739,0.135454817,,,
B,390.578,9.3913,0.140342594,,,
B,391.202,9.5466,0.143834184,,,
B,391.826,9.5466,0.143834184,,,
B,392.449,9.2547,0.137271433,,,
B,393.073,9.5528,0.143973578,,,
B,393.697,9.6584,0.14634777,,,
B,394.321,10.3665,0.162267892,,,
B,394.945,10.3106,0.1610111,,,
B,395.569,10.0373,0.15486653,,,
B,396.193,9.8447,0.150536329,,,
B,396.817,9.3665,0.139785019,,,
B,397.441,9.882,0.15137494,,,
B,398.065,9.7329,0.148022744,,,
B,398.689,9.0248,0.132102621,,,
B,399.313,9.6894,0.147044739,,,
B,399.937,9.2919,0.138107796,,,
B,400.561,9.1615,0.13517603,,,
C,0,7.4969,0,,,
C,0.624,8.9006,0.01761738,,,
C,1.248,10.5217,0.037963277,,,
C,1.872,12.4845,0.062597738,,,
C,2.496,15.1739,0.096351519,,,
C,3.12,17.4099,0.124414825,,,
C,3.744,21.2857,0.173058725,,,
C,4.367,25.3665,0.224275512,,,
C,4.991,29.8323,0.280324309,,,
C,5.615,31.3106,0.29887797,,,
C,6.239,32.0621,0.308309801,,,
C,6.863,31.7081,0.303866862,,,
C,7.487,31.8944,0.306205053,,,
C,8.111,33.5031,0.326395321,,,
C,8.735,35.354,0.349625362,,,
C,9.359,38.4099,0.387978965,,,
C,9.983,40.2484,0.411053378,,,
C,10.607,41.8012,0.430542064,,,
C,11.231,46.1615,0.485266765,,,
C,11.855,47.8571,0.506547686,,,
C,12.479,43.7391,0.454864013,,,
C,13.102,42.7578,0.442548038,,,
C,13.726,42.1739,0.4352197,,,
C,14.35,39.5963,0.402869084,,,
C,14.974,39.7826,0.405207274,,,
C,15.598,40.7081,0.416822923,,,
C,16.222,43.323,0.449641678,,,
C,16.846,46.2857,0.486825558,,,
C,17.47,49.646,0.528999586,,,
C,18.094,51.4472,0.551605859,,,
C,18.718,55.1863,0.598534081,,,
C,19.342,55.9068,0.607576841,,,
C,19.966,52.8696,0.569457936,,,
C,20.59,48.7764,0.51808552,,,
C,21.213,47.3913,0.500701583,,,
C,21.837,48.3354,0.512550673,,,
C,22.461,50.3602,0.537963277,,,
C,23.085,48.9379,0.520112454,,,
C,23.709,49.2733,0.52432195,,,
C,24.333,49.764,0.530480565,,,
C,24.957,49.8012,0.53094745,,,
C,25.581,49.8199,0.531182148,,,
C,26.205,48.4224,0.513642582,,,
C,26.829,47.6957,0.504522008,,,
C,27.453,49.6522,0.5290774,,,
C,28.077,52.8696,0.569457936,,,
C,28.701,53.6894,0.579746978,,,
C,29.325,52.0435,0.559089825,,,
C,29.948,50.8758,0.544434404,,,
C,30.572,51.9938,0.558466057,,,
C,31.196,53.1242,0.572653338,,,
C,31.82,52.882,0.569613565,,,
C,32.444,53.0186,0.571327987,,,
C,33.068,52.8385,0.56906761,,,
C,33.692,53.2236,0.573900875,,,
C,34.316,53.5528,0.578032556,,,
C,34.94,54.0311,0.584035544,,,
C,35.564,55.8758,0.607187771,,,
C,36.188,57.9441,0.633146328,,,
C,36.812,56.2857,0.612332292,,,
C,37.436,54.0932,0.58481494,,,
C,38.059,53.2174,0.573823061,,,
C,38.683,53.5652,0.578188185,,,
C,39.307,55.1242,0.597754685,,,
C,39.931,55.8261,0.606564002,,,
C,40.555,52.8882,0.569691379,,,
C,41.179,52.0745,0.559478896,,,
C,41.803,53.0311,0.57148487,,,
C,42.427,52.1863,0.560882061,,,
C,43.051,54.7143,0.592610164,,,
C,43.675,59.2795,0.649906497,,,
C,44.299,57.5217,0.627844924,,,
C,44.923,58.5217,0.640395597,,,
C,45.547,64.3416,0.713439261,,,
C,46.171,71.5093,0.803398722,,,
C,46.794,77.1304,0.873947312,,,
C,47.418,76.9379,0.871531308,,,
C,48.042,75.4658,0.853055461,,,
C,48.666,70.5776,0.79170526,,,
C,49.29,66.4099,0.739397819,,,
C,49.914,63.7205,0.705644038,,,
C,50.538,64.8323,0.719597876,,,
C,51.162,68.4472,0.764967305,,,
C,51.786,67.559,0.753819797,,,
C,52.41,64.0373,0.709620091,,,
C,53.034,62.2484,0.687168192,,,
C,53.658,62.0683,0.684907815,,,
C,54.282,64.4472,0.714764612,,,
C,54.905,61.8447,0.682101485,,,
C,55.529,61.6584,0.679763294,,,
C,56.153,62.795,0.69402839,,,
C,56.777,63.2298,0.699485422,,,
C,57.401,65.7888,0.731602595,,,
C,58.025,68.0186,0.759588087,,,
C,58.649,70.0373,0.784924131,,,
C,59.273,70.7019,0.793265309,,,
C,59.897,68.7516,0.76878773,,,
C,60.521,64.8882,0.720299459,,,
C,61.145,61.4658,0.677346035,,,
C,61.769,59.6708,0.654817576,,,
C,62.393,56.1118,0.61014973,,,
C,63.017,53.6708,0.579513536,,,
C,63.64,53.7764,0.580838887,,,
C,64.264,53.3106,0.574992783,,,
C,64.888,53.441,0.576629391,,,
C,65.512,52.2422,0.561583644,,,
C,66.136,50.087,0.534534433,,,
C,66.76,49.4534,0.526582326,,,
C,67.384,50.1366,0.535156946,,,
C,68.008,50.0683,0.534299735,,,
C,68.632,48.7205,0.517383938,,,
C,69.256,49.4161,0.526114186,,,
C,69.88,49.0124,0.521047479,,,
C,70.504,51.1739,0.54817576,,,
C,71.128,54.3354,0.587854713,,,
C,71.751,54.0186,0.58387866,,,
C,72.375,49.3602,0.525412603,,,
C,72.999,49.3043,0.524711021,,,
C,73.623,49.9627,0.532974384,,,
C,74.247,49.0062,0.520969665,,,
C,74.871,49.4224,0.526193255,,,
C,75.495,48.2547,0.511537834,,,
C,76.119,46.9379,0.495011107,,,
C,76.743,46.2236,0.486046161,,,
C,77.367,44.6522,0.466324033,,,
C,77.991,44.9752,0.470377901,,,
C,78.615,45.6211,0.478484381,,,
C,79.239,46.0373,0.483707971,,,
C,79.863,47.6708,0.504209496,,,
C,80.486,47.8447,0.506392058,,,
C,81.11,47.5652,0.502884145,,,
C,81.734,46.5901,0.490645983,,,
C,82.358,46.5652,0.490333471,,,
C,82.982,47.5342,0.502495074,,,
C,83.606,46.5528,0.490177843,,,
C,84.23,46.1863,0.485578021,,,
C,84.854,45.5776,0.477938426,,,
C,85.478,46.1366,0.484954253,,,
C,86.102,45.5652,0.477782798,,,
C,86.726,44.2609,0.461412955,,,
C,87.35,45.9255,0.482304806,,,
C,87.974,45,0.470689157,,,
C,88.597,46.118,0.48472081,,,
C,89.221,48.9814,0.520658408,,,
C,89.845,50.0683,0.534299735,,,
C,90.469,50.087,0.534534433,,,
C,91.093,48.8447,0.518942731,,,
C,91.717,47.2112,0.498441206,,,
C,92.341,45.8696,0.481603223,,,
C,92.965,45.323,0.474743025,,,
C,93.589,45.9752,0.482928574,,,
C,94.213,46.2484,0.486357418,,,
C,94.837,47.3168,0.499766557,,,
C,95.461,46.7516,0.492672917,,,
C,96.085,45.9752,0.482928574,,,
C,96.708,45.236,0.473651116,,,
C,97.332,45.5404,0.477471541,,,
C,97.956,44.9255,0.469754132,,,
C,98.58,43.4037,0.450654518,,,
C,99.204,43.677,0.454084617,,,
C,99.828,44.0186,0.458371927,,,
C,100.452,44.1118,0.459541649,,,
C,101.076,43.9006,0.456890947,,,
C,101.7,42.8571,0.44379432,,,
C,102.324,42.882,0.444106831,,,
C,102.948,43.2733,0.44901791,,,
C,103.572,43.882,0.456657505,,,
C,104.196,44.1925,0.460554489,,,
C,104.82,43.441,0.451122658,,,
C,105.443,44.4037,0.463205191,,,
C,106.067,45.0932,0.47185888,,,
C,106.691,45.1553,0.472638277,,,
C,107.315,43.8571,0.456344993,,,
C,107.939,43.3789,0.450343261,,,
C,108.563,43.5652,0.452681451,,,
C,109.187,43.7205,0.454630571,,,
C,109.811,45.4224,0.475990562,,,
C,110.435,47.4161,0.501012839,,,
C,111.059,45.3665,0.475288979,,,
C,111.683,43.7764,0.455332154,,,
C,112.307,46.1863,0.485578021,,,
C,112.931,46.323,0.487293698,,,
C,113.554,46.6957,0.491971334,,,
C,114.178,46.9752,0.495479247,,,
C,114.802,47.4161,0.501012839,,,
C,115.426,47.7453,0.505144521,,,
C,116.05,47.4099,0.500935025,,,
C,116.674,46.3168,0.487215884,,,
C,117.298,45.3727,0.475366793,,,
C,117.922,47.5776,0.503039773,,,
C,118.546,49.1925,0.523307855,,,
C,119.17,52.0124,0.558699499,,,
C,119.794,55.8385,0.606719631,,,
C,120.418,56.882,0.619816258,,,
C,121.042,53.4037,0.576161251,,,
C,121.666,49.8323,0.531337776,,,
C,122.289,47.2857,0.499376232,,,
C,122.913,47.087,0.496882413,,,
C,123.537,49.2733,0.52432195,,,
C,124.161,55.6522,0.60438144,,,
C,124.785,69.4534,0.777595793,,,
C,125.409,79.677,0.905908857,,,
C,126.033,72.0186,0.80979078,,,
C,126.657,62.6522,0.692236153,,,
C,127.281,53.795,0.58107233,,,
C,127.905,46.5528,0.490177843,,,
C,128.529,44.4783,0.464141471,,,
C,129.153,45.1366,0.472403579,,,
C,129.777,44.5714,0.465309939,,,
C,130.4,44.087,0.459230393,,,
C,131.024,44.5342,0.464843054,,,
C,131.648,43.8012,0.45564341,,,
C,132.272,45.2857,0.474274885,,,
C,132.896,46.5776,0.4904891,,,
C,133.52,46.4037,0.488306538,,,
C,134.144,45.882,0.481758851,,,
C,134.768,45.0062,0.470766972,,,
C,135.392,45.6957,0.479420661,,,
C,136.016,46.0186,0.483473273,,,
C,136.64,44.9938,0.470611343,,,
C,137.264,45.764,0.480277872,,,
C,137.888,46.4348,0.488696864,,,
C,138.512,46.8509,0.493919199,,,
C,139.135,45.8882,0.481836666,,,
C,139.759,45.5963,0.478173124,,,
C,140.383,45.7081,0.479576289,,,
C,141.007,45.3665,0.475288979,,,
C,141.631,46.9255,0.494855479,,,
C,142.255,48.0062,0.508418992,,,
C,142.879,46.8385,0.49376357,,,
C,143.503,45.354,0.475132096,,,
C,144.127,45.8385,0.481212897,,,
C,144.751,47.9006,0.507093641,,,
C,145.375,50.0062,0.533520338,,,
C,145.999,50.5776,0.540691793,,,
C,146.623,51.0311,0.546383523,,,
C,147.246,51.2236,0.548799528,,,
C,147.87,50.3478,0.537807648,,,
C,148.494,48.8758,0.519333057,,,
C,149.118,46.5528,0.490177843,,,
C,149.742,46.4224,0.488541235,,,
C,150.366,46.8509,0.493919199,,,
C,150.99,47.9068,0.507171455,,,
C,151.614,48.1863,0.510679368,,,
C,152.238,45.4596,0.476457447,,,
C,152.862,43.7329,0.454786199,,,
C,153.486,43.5963,0.453071777,,,
C,154.11,45.0248,0.471000414,,,
C,154.734,45.882,0.481758851,,,
C,155.358,45.6211,0.478484381,,,
C,155.981,45.0186,0.4709226,,,
C,156.605,45.8137,0.48090164,,,
C,157.229,46.3168,0.487215884,,,
C,157.853,48.0683,0.509198388,,,
C,158.477,47.8696,0.50670457,,,
C,159.101,47.9379,0.507561781,,,
C,159.725,48.1366,0.510055599,,,
C,160.349,49.4348,0.526348884,,,
C,160.973,49.1429,0.522685342,,,
C,161.597,49.5901,0.528298003,,,
C,162.221,50.4472,0.539055185,,,
C,162.845,48.7516,0.517774264,,,
C,163.469,48.5714,0.515512632,,,
C,164.092,49.6584,0.529155214,,,
C,164.716,47.5404,0.502572888,,,
C,165.34,47.1491,0.49766181,,,
C,165.964,48.7826,0.518163334,,,
C,166.588,48.9006,0.519644314,,,
C,167.212,48.4161,0.513563513,,,
C,167.836,47.5714,0.502961959,,,
C,168.46,47.2236,0.498596835,,,
C,169.084,46.4161,0.488462166,,,
C,169.708,46.6149,0.49095724,,,
C,170.332,45.9752,0.482928574,,,
C,170.956,45.882,0.481758851,,,
C,171.58,46.7764,0.492984174,,,
C,172.204,46.5652,0.490333471,,,
C,172.827,46.1863,0.485578021,,,
C,173.451,45.4969,0.476925587,,,
C,174.075,45.5031,0.477003401,,,
C,174.699,45.9752,0.482928574,,,
C,175.323,45.4845,0.476769959,,,
C,175.947,45.8696,0.481603223,,,
C,176.571,46.764,0.492828545,,,
C,177.195,47.0559,0.496492087,,,
C,177.819,48.1242,0.509899971,,,
C,178.443,48.4969,0.514577607,,,
C,179.067,48.8882,0.519488686,,,
C,179.691,49.8571,0.531649033,,,
C,180.315,49.2484,0.524009438,,,
C,180.938,47.6894,0.504442938,,,
C,181.562,46.7019,0.492049148,,,
C,182.186,46.913,0.494698596,,,
C,182.81,48.3665,0.512940999,,,
C,183.434,49.5839,0.528220189,,,
C,184.058,50.1801,0.5357029,,,
C,184.682,50.5839,0.540770862,,,
C,185.306,48.8509,0.519020545,,,
C,185.93,48.2236,0.511147508,,,
C,186.554,47.5652,0.502884145,,,
C,187.178,47.4596,0.501558794,,,
C,187.802,46.7453,0.492593848,,,
C,188.426,46.8447,0.493841385,,,
C,189.05,48.6335,0.516292029,,,
C,189.673,49.3975,0.525880744,,,
C,190.297,49.354,0.525334789,,,
C,190.921,51.0621,0.546772594,,,
C,191.545,52.3727,0.563221507,,,
C,192.169,52.9068,0.569924821,,,
C,192.793,53.8012,0.581150144,,,
C,193.417,54.6398,0.591675138,,,
C,194.041,54.2981,0.587386573,,,
C,194.665,52.3913,0.563454949,,,
C,195.289,50.205,0.536015412,,,
C,195.913,49.8199,0.531182148,,,
C,196.537,49.9006,0.532194987,,,
C,197.161,50.8571,0.544199706,,,
C,197.784,53.2857,0.574680272,,,
C,198.408,53.4099,0.576239065,,,
C,199.032,52.7267,0.567664445,,,
C,199.656,51.1366,0.54770762,,,
C,200.28,49.5652,0.527985491,,,
C,200.904,49.646,0.528999586,,,
C,201.528,50.1677,0.535547272,,,
C,202.152,48.8696,0.519255243,,,
C,202.776,47.9565,0.507795223,,,
C,203.4,47.6894,0.504442938,,,
C,204.024,47.3043,0.499609674,,,
C,204.648,48.6025,0.515902958,,,
C,205.272,49.1553,0.52284097,,,
C,205.896,49.4658,0.526737954,,,
C,206.519,52.4472,0.564156532,,,
C,207.143,56.354,0.613189503,,,
C,207.767,55.9068,0.607576841,,,
C,208.391,54.6522,0.591830767,,,
C,209.015,51.9441,0.557842288,,,
C,209.639,50.0373,0.533910664,,,
C,210.263,51.5093,0.552385255,,,
C,210.887,51.9565,0.557997917,,,
C,211.511,52.0559,0.559245454,,,
C,212.135,51.8261,0.556361309,,,
C,212.759,51.6335,0.553944049,,,
C,213.383,52.1118,0.559947036,,,
C,214.007,53.7826,0.580916701,,,
C,214.63,55.6335,0.604146742,,,
C,215.254,53.8696,0.58200861,,,
C,215.878,53.0435,0.571640499,,,
C,216.502,52.1739,0.560726433,,,
C,217.126,51.7081,0.554880329,,,
C,217.75,52.559,0.565559697,,,
C,218.374,53.3168,0.575070598,,,
C,218.998,53.1242,0.572653338,,,
C,219.622,51.4348,0.55145023,,,
C,220.246,50.2112,0.536093226,,,
C,220.87,50.2547,0.536639181,,,
C,221.494,50.5342,0.540147094,,,
C,222.118,51.9006,0.557296334,,,
C,222.742,54.6335,0.591596069,,,
C,223.365,57.2547,0.624493894,,,
C,223.989,58.3789,0.638603361,,,
C,224.613,57.472,0.627221155,,,
C,225.237,57.0186,0.62153068,,,
C,225.861,56.0248,0.609057821,,,
C,226.485,55.9627,0.608278424,,,
C,227.109,56.0932,0.609916287,,,
C,227.733,54.0807,0.584658057,,,
C,228.357,53.087,0.572186453,,,
C,228.981,52.5963,0.566027837,,,
C,229.605,51.0186,0.54622664,,,
C,230.229,51.2857,0.549578925,,,
C,230.853,52.646,0.566651606,,,
C,231.476,52.3913,0.563454949,,,
C,232.1,52.354,0.562986809,,,
C,232.724,51.6832,0.554567818,,,
C,233.348,51.0932,0.54716292,,,
C,233.972,54.1801,0.585905594,,,
C,234.596,55.4845,0.602276692,,,
C,235.22,56.4099,0.613891085,,,
C,235.844,60.1118,0.660352423,,,
C,236.468,62.4099,0.689195125,,,
C,237.092,58.8571,0.644605093,,,
C,237.716,57.4037,0.626363944,,,
C,238.34,57.2547,0.624493894,,,
C,238.964,57.8944,0.63252256,,,
C,239.587,57.8199,0.631587535,,,
C,240.211,59.2919,0.650062126,,,
C,240.835,58.9689,0.646008258,,,
C,241.459,56.1056,0.610071915,,,
C,242.083,57.9006,0.632600374,,,
C,242.707,56.913,0.620205329,,,
C,243.331,53.1242,0.572653338,,,
C,243.955,53.8944,0.582319866,,,
C,244.579,55.5155,0.602665763,,,
C,245.203,55.6832,0.604770511,,,
C,245.827,53.2484,0.574212131,,,
C,246.451,53.4596,0.576862834,,,
C,247.075,52.6646,0.566885048,,,
C,247.699,52.7453,0.567897888,,,
C,248.322,51.528,0.552619953,,,
C,248.946,50.1863,0.535780715,,,
C,249.57,49.9317,0.532585313,,,
C,250.194,50.1988,0.535937598,,,
C,250.818,50.7081,0.542329656,,,
C,251.442,52.8385,0.56906761,,,
C,252.066,54.3168,0.587621271,,,
C,252.69,56.9627,0.620829097,,,
C,253.314,59.8882,0.657546092,,,
C,253.938,60.7143,0.667914204,,,
C,254.562,59.559,0.653414411,,,
C,255.186,57.559,0.628313064,,,
C,255.81,55.1863,0.598534081,,,
C,256.434,53.3665,0.575694366,,,
C,257.057,52.5652,0.565637511,,,
C,257.681,53.6894,0.579746978,,,
C,258.305,54.8075,0.593779886,,,
C,258.929,54.5217,0.590192904,,,
C,259.553,53.7702,0.580761073,,,
C,260.177,54.1677,0.585749965,,,
C,260.801,55.8447,0.606797445,,,
C,261.425,54.5031,0.589959461,,,
C,262.049,55.1553,0.59814501,,,
C,262.673,54.764,0.593233932,,,
C,263.297,55.9006,0.607499027,,,
C,263.921,56.6522,0.616932113,,,
C,264.545,56.559,0.615762391,,,
C,265.168,53.4286,0.576473763,,,
C,265.792,51.1615,0.548020131,,,
C,266.416,50.441,0.538977371,,,
C,267.04,51.472,0.551917115,,,
C,267.664,52.2112,0.561194573,,,
C,268.288,52.5031,0.564858115,,,
C,268.912,51.7516,0.555426284,,,
C,269.536,52.1863,0.560882061,,,
C,270.16,53.528,0.5777213,,,
C,270.784,53.0435,0.571640499,,,
C,271.408,54.0124,0.583800846,,,
C,272.032,53.1739,0.573277106,,,
C,272.656,52.8447,0.569145425,,,
C,273.279,52.795,0.568521656,,,
C,273.903,52.6087,0.566183466,,,
C,274.527,51.9068,0.557374148,,,
C,275.151,51.6522,0.554178747,,,
C,275.775,50.0062,0.533520338,,,
C,276.399,52.0062,0.558621685,,,
C,277.023,54.0186,0.58387866,,,
C,277.647,53.7391,0.580370747,,,
C,278.271,54.0932,0.58481494,,,
C,278.895,54.9752,0.595884634,,,
C,279.519,55.0621,0.596975288,,,
C,280.143,54.0248,0.583956474,,,
C,280.767,53.4969,0.577330974,,,
C,281.391,52.8509,0.569223239,,,
C,282.014,53.3975,0.576083437,,,
C,282.638,53.7329,0.580292933,,,
C,283.262,52.3727,0.563221507,,,
C,283.886,54.4224,0.588946622,,,
C,284.51,55.7578,0.605706791,,,
C,285.134,53.0186,0.571327987,,,
C,285.758,50.1739,0.535625086,,,
C,286.382,48.528,0.514967933,,,
C,287.006,49.8882,0.532039359,,,
C,287.63,53.4286,0.576473763,,,
C,288.254,54.5963,0.591129184,,,
C,288.878,54.0248,0.583956474,,,
C,289.502,55.0062,0.596273705,,,
C,290.125,52.2236,0.561350201,,,
C,290.749,51.3975,0.55098209,,,
C,291.373,51.7826,0.555815354,,,
C,291.997,52.2671,0.561896156,,,
C,292.621,53.9503,0.583021449,,,
C,293.245,53.8199,0.581384841,,,
C,293.869,51.8634,0.556829449,,,
C,294.493,50.1801,0.5357029,,,
C,295.117,50.205,0.536015412,,,
C,295.741,50.2484,0.536560111,,,
C,296.365,50.5466,0.540302722,,,
C,296.989,52.6957,0.567275374,,,
C,297.613,52.8199,0.568834168,,,
C,298.237,52.6211,0.566339094,,,
C,298.86,52.7205,0.567586631,,,
C,299.484,52.4658,0.564389975,,,
C,300.108,51.3665,0.550593019,,,
C,300.732,51.7081,0.554880329,,,
C,301.356,50.4472,0.539055185,,,
C,301.98,50.2919,0.537106066,,,
C,302.604,51.472,0.551917115,,,
C,303.228,51.8137,0.55620568,,,
C,303.852,51.8696,0.556907263,,,
C,304.476,53.0435,0.571640499,,,
C,305.1,53.795,0.58107233,,,
C,305.724,53.9068,0.582475495,,,
C,306.348,50.9752,0.545681941,,,
C,306.971,50.559,0.540458351,,,
C,307.595,50.472,0.539366442,,,
C,308.219,51.9689,0.558153545,,,
C,308.843,52.2609,0.561818342,,,
C,309.467,54.4658,0.589491321,,,
C,310.091,54.9627,0.595727751,,,
C,310.715,53.7578,0.580605444,,,
C,311.339,53.5963,0.578578511,,,
C,311.963,53.4472,0.576707205,,,
C,312.587,52.6708,0.566962863,,,
C,313.211,52.2857,0.562129598,,,
C,313.835,51.528,0.552619953,,,
C,314.459,51.1677,0.548097945,,,
C,315.083,53.4596,0.576862834,,,
C,315.706,54.0497,0.584268986,,,
C,316.33,53.0311,0.57148487,,,
C,316.954,53.0994,0.572342081,,,
C,317.578,54.0435,0.584191172,,,
C,318.202,54.5093,0.590037275,,,
C,318.826,53.4907,0.57725316,,,
C,319.45,51.9876,0.558388243,,,
C,320.074,51.7143,0.554958144,,,
C,320.698,52.3913,0.563454949,,,
C,321.322,53.3354,0.57530404,,,
C,321.946,51.7888,0.555893169,,,
C,322.57,52.9503,0.570470776,,,
C,323.194,53.4534,0.57678502,,,
C,323.817,52.3043,0.562363041,,,
C,324.441,52.3975,0.563532764,,,
C,325.065,54.205,0.586218106,,,
C,325.689,53.1491,0.57296585,,,
C,326.313,52.7764,0.568288214,,,
C,326.937,51.4845,0.552073999,,,
C,327.561,51.2795,0.549501111,,,
C,328.185,51.354,0.550436136,,,
C,328.809,53.5217,0.577642231,,,
C,329.433,54.3727,0.588322854,,,
C,330.057,52.4286,0.563923089,,,
C,330.681,50.882,0.544512218,,,
C,331.305,51.4286,0.551372416,,,
C,331.929,52.646,0.566651606,,,
C,332.552,53.7267,0.580215119,,,
C,333.176,53.6273,0.578967582,,,
C,333.8,53.1429,0.572888035,,,
C,334.424,52.6398,0.566573792,,,
C,335.048,51.472,0.551917115,,,
C,335.672,50.8012,0.543498124,,,
C,336.296,52.0186,0.558777313,,,
C,336.92,51.8075,0.556127866,,,
C,337.544,52.9441,0.570392962,,,
C,338.168,54.2422,0.586684991,,,
C,338.792,54.2919,0.587308759,,,
C,339.416,54.9317,0.59533868,,,
C,340.04,55.9379,0.607967167,,,
C,340.663,55.1925,0.598611896,,,
C,341.287,54.1925,0.586061222,,,
C,341.911,52.4472,0.564156532,,,
C,342.535,53.5404,0.577876928,,,
C,343.159,52.2795,0.562051784,,,
C,343.783,52.3416,0.562831181,,,
C,344.407,52.3354,0.562753367,,,
C,345.031,51.4534,0.551683673,,,
C,345.655,53.5963,0.578578511,,,
C,346.279,52.8137,0.568756354,,,
C,346.903,50.9503,0.545369429,,,
C,347.527,51.4534,0.551683673,,,
C,348.151,52.8447,0.569145425,,,
C,348.775,54.0994,0.584892754,,,
C,349.398,54.5031,0.589959461,,,
C,350.022,55.5528,0.603133903,,,
C,350.646,56.6335,0.616697416,,,
C,351.27,58.0745,0.634782936,,,
C,351.894,54.5528,0.59058323,,,
C,352.518,52.9938,0.57101673,,,
C,353.142,51.8137,0.55620568,,,
C,353.766,51.8944,0.55721852,,,
C,354.39,51.1056,0.547318549,,,
C,355.014,51.6957,0.554724701,,,
C,355.638,53.882,0.582164238,,,
C,356.262,55.0124,0.596351519,,,
C,356.886,53.6894,0.579746978,,,
C,357.509,51.6894,0.554645632,,,
C,358.133,53.0745,0.572029569,,,
C,358.757,54.559,0.590661044,,,
C,359.381,55.441,0.601730738,,,
C,360.005,54.9689,0.595805565,,,
C,360.629,57.2298,0.624181382,,,
C,361.253,58.6398,0.641877832,,,
C,361.877,56.3913,0.613657643,,,
C,362.501,55.4161,0.601418226,,,
C,363.125,54.1615,0.585672151,,,
C,363.749,52.3168,0.562519924,,,
C,364.373,52.913,0.570002636,,,
C,364.997,55.9441,0.608044982,,,
C,365.621,55.528,0.602822646,,,
C,366.244,55.4224,0.601497295,,,
C,366.868,57.1739,0.6234798,,,
C,367.492,57.6087,0.628936832,,,
C,368.116,56.5093,0.615138622,,,
C,368.74,56.0497,0.609370333,,,
C,369.364,55.5714,0.603367346,,,
C,369.988,56.1925,0.611162569,,,
C,370.612,56.7329,0.617944953,,,
C,371.236,54.236,0.586607176,,,
C,371.86,52.795,0.568521656,,,
C,372.484,53.0186,0.571327987,,,
C,373.108,54.6211,0.591440441,,,
C,373.732,54.7267,0.592765792,,,
C,374.355,54.8075,0.593779886,,,
C,374.979,54.1304,0.585281825,,,
C,375.603,54.7329,0.592843606,,,
C,376.227,54.5217,0.590192904,,,
C,376.851,52.9938,0.57101673,,,
C,377.475,53.6832,0.579669164,,,
C,378.099,55.3665,0.600795713,,,
C,378.723,55.236,0.59915785,,,
C,379.347,53.8385,0.581618284,,,
C,379.971,53.6087,0.578734139,,,
C,380.595,53.4534,0.57678502,,,
C,381.219,52.1988,0.561038945,,,
C,381.843,51.7267,0.555113772,,,
C,382.466,51.646,0.554100933,,,
C,383.09,52.3602,0.563064623,,,
C,383.714,53.4907,0.57725316,,,
C,384.338,54.9876,0.596040263,,,
C,384.962,53.1304,0.572731152,,,
C,385.586,51.0062,0.546071012,,,
C,386.21,50.4099,0.538587045,,,
C,386.834,52.8571,0.569301053,,,
C,387.458,53.0311,0.57148487,,,
C,388.082,52.1118,0.559947036,,,
C,388.706,52.0186,0.558777313,,,
C,389.33,53.0248,0.571405801,,,
C,389.954,56.3975,0.613735457,,,
C,390.578,57.677,0.629794043,,,
C,391.201,55.1925,0.598611896,,,
C,391.825,54.6957,0.592376721,,,
C,392.449,54.4969,0.589881647,,,
C,393.073,55.0559,0.596897474,,,
C,393.697,54.2484,0.586762805,,,
C,394.321,54.4596,0.589413507,,,
C,394.945,53.2671,0.574446829,,,
C,395.569,53.323,0.575148412,,,
C,396.193,56.0683,0.609603775,,,
C,396.817,57.3354,0.625506733,,,
C,397.441,52.795,0.568521656,,,
C,398.065,51.6522,0.554178747,,,
C,398.689,50.2236,0.536248855,,,
C,399.312,52.4845,0.564624672,,,
C,399.936,53.4658,0.576940648,,,
C,400.56,54.5528,0.59058323,,,