cell,,animal,layer,type,vm,ir_neg,ir_pos,tm_on,tm_neg_off,tm_pos_on,tm_pos_off,sag,ap_thresh,ap_max,ap_halfwidth,rheobase,ahp_max,res_freq,res_mag,morphology_confirmed,dv,dist_psub,expression,response,epsp_tval,epsp_pval,epsp_sig,ipsp_tval,ipsp_pval,ipsp_sig,response_type,biphasic,subthreshold,baseline_vm,epsp,epsp_sd,epsp_pk,epsp_pk_sd,epsp_latency,epsp_latency_sd,epsp_halfwidth,ipsp,ipsp_sd,ipsp_pk,ipsp_pk_sd,ipsp_latency,ipsp_halfwidth,ei,ei_pk,interneuron_type
573_S1C1_D,,573,l1,l1_in,-73.1779,105.001,187.497,6.93411,7.56743,14.4465,9.33178,0.932755,-26.7819,14.4088,0.6,185,-46.3781,3,1.0797,Y,3.6,151.727,Y,Y,36.4,0,Y,NA,NA,NA,epsp,N,Y,-51.072346,10.3116614,2.025119289,11.0210904,2.1469857,3.98646,0.537503003,26.502358,NA,NA,-0.661794619,0.453787434,NA,NA,1,0.943353494,NA
578_S1C1_D,,578,l1,l1_in,-75.6463,99.8274,138.119,4.65915,2.93956,6.65071,4.6879,0.946209,-33.5669,19.9863,0.67,230,-54.7188,1.75,1.352,Y,3.6,153.498,Y,Y,22.1,0,Y,NA,NA,NA,ap,N,N,-73.43105,8.5998268,2.800247142,8.8254916,2.824684079,3.422895833,0.318937948,9.605109792,NA,NA,-0.48957556,0.158639939,NA,NA,1,0.947442616,NA
675_S1C1,,675,l1,l1_in,-65.8722,212.579,242.538,6.86752,7.87781,5.35585,8.30377,0.926714,-33.6319,33.8819,0.5,136.25,-62.6187,1.5833,1.0344,Y,3.6,50.329,Y,Y,10.54,0,Y,NA,NA,NA,ap,N,N,-53.07627241,3.376420517,1.905839684,4.019374828,2.053377512,4.174142857,0.68590474,12.85819179,NA,NA,-0.8946136,0.271908589,NA,NA,1,0.817945522,NA
676_S1C2,,676,l1,l1_in,-73.1517,129.2,181.783,7.17835,9.61624,13.4412,11.3195,0.934569,-32.8856,21.1313,0.76,381.25,-49.8906,3.0833,1.1514,Y,3.28,1733.725,Axonal ,Y,28.3,0,Y,NA,NA,NA,epsp,N,Y,-70.83479667,7.419887667,1.602354971,7.672911,1.482864887,2.395233333,0.187247703,21.21300333,NA,NA,-0.36021328,0.266214347,NA,NA,1,0.955159006,NA
676_S1C1,,676,l1,l1_in,-63.7225,176.273,200.382,7.28901,12.617,7.91993,9.94411,0.906194,-30.7587,17.2338,0.92,153.125,-52.7063,1.0833,1.1188,Y,3.28,1890.897,Axonal ,Y,23.3,0,Y,NA,NA,NA,epsp,N,Y,-63.24067,13.94922,2.762638474,14.216155,2.723850147,2.2433,0.173672438,17.000885,NA,NA,-1.17682601,0.582456192,NA,NA,1,0.923547881,NA
737_S3C2,,737,l1,l1_in,-67.5486,208.502,280.816,6.65904,6.77186,15.1317,10.7731,0.918949,-28.1825,36.8238,0.48,130,-50.8438,3.9167,1.2493,Y,4.12,178.445,Y,Y,40.1,0,Y,NA,NA,NA,ap,N,N,-56.26974,17.91882667,2.57355416,18.29807,2.498043592,3.226833333,0.546981629,11.89597933,NA,NA,-0.885259,0.215231308,NA,NA,1,0.953852692,NA
745_S1C1,,745,l1,l1_in,-69.714,141.591,154.658,6.882,6.2182,7.42856,10.0592,0.894356,-29.845,39.6581,0.44,172.5,-53.4344,1.25,1.0784,Y,3.44,607.4,Y,Y,25.2,0,Y,NA,NA,NA,epsp,N,Y,-67.928072,9.2414576,2.805738211,9.5374438,2.775424732,2.24338,1.747782693,13.4819834,NA,NA,-0.57818074,0.117427283,NA,NA,1,0.942842803,NA
778_S2C2_J,,778,l1,l1_in,-64.7261,150.106,183.725,11.0935,9.5955,10.7717,11.6945,0.905959,-24.9588,13.3925,0.66,180,-52.2688,NA,NA,Y,2.8,44.322,Axonal ,Y,28.7,0,Y,NA,NA,NA,epsp,N,Y,-62.894988,16.304536,1.952488332,16.663454,2.007154021,2.50576,0.170754695,10.488716,NA,NA,-0.535484308,0.238687999,NA,NA,1,0.96886527,NA
840_S1C1_J,,840,l1,l1_in,-73.5806,126.767,130.997,5.15459,4.05743,4.64877,4.74982,0.939583,-45.1031,24.4906,0.53,182.5,-61.0594,NA,NA,Y,3.44,82.98,Axonal,Y,8.1,0,Y,NA,NA,NA,epsp,N,Y,-73.65675057,0.331023425,0.63231455,1.14790696,1.003345015,NA,NA,NA,NA,NA,-0.67778046,0.246523666,NA,NA,1,0.628753284,NA
842_S1C1_J,,842,l1,l1_in,-60.3702,323.727,373.487,13.2992,11.3246,9.69344,8.89176,0.89102,-30.1881,26.5944,1.45,70,-56.3594,1.0833,1.0142,N,NA,NA,NA,Y,12.9,0,Y,NA,NA,NA,epsp,N,Y,-61.6140575,1.9769902,1.280738694,2.387176575,1.182657513,7.320375,7.248153544,17.81657688,NA,NA,-0.70695315,0.345660569,NA,NA,1,0.771517935,NA
921_S2C1_J,,921,l1,l1_in,-76.2344,138.446,168.995,5.69144,4.78207,4.72113,4.83539,0.950065,-35.7825,19.995,0.6,190,-58.1156,NA,NA,Y,3.96,82.8,Y,Y,70.21,0,Y,NA,NA,NA,epsp,N,Y,-76.08799615,22.37288333,2.912737565,22.61476333,2.94166489,2.3139,0.12671781,16.54940333,NA,NA,-0.423047497,0.15545484,NA,NA,1,0.981636819,NA
n_950_S2C2_J,,950,l1,l1_in,-67.0726,322.338,-322.338,7.63474,9.2235,7.63474,9.2235,-30.9662,NA,NA,NA,NA,NA,NA,NA,Y,4.56,5.63,Y ,Y,-48.5,0,Y,NA,NA,NA,ap,N,N,-67.9167675,20.4440175,2.469396319,20.90474,2.594661246,4.3627,0.268169502,17.4331725,NA,NA,-0.52135572,0.234918371,NA,NA,1,0.975667255,NA
1306_S3C1,,1306,l1,l1_in,-74.0264,464.256,593.35,15.06,16.863,58.2429,52.0399,0.841024,-40.825,29.35,0.5,58.125,-63.375,1,1,Y,4.12,442.44,Y,Y,21.18,0,Y,NA,NA,NA,ap,N,N,-67.760688,15.1479424,3.574865601,15.6031864,3.510798881,5.472286455,2.202004182,16.43081818,NA,NA,-1.274312596,0.839744325,NA,NA,1,0.924496361,NA
1354_S2C1,,1354,l1,l1_in,-64.123,165.92,189.891,6.75355,6.50443,14.4419,8.78748,0.856966,-30.2063,21.7312,0.69,157.5,-47.6875,3.9,1.1283,Y,3.28,391.003,Axonal,Y,46.9809,0,Y,NA,NA,NA,epsp,N,Y,-55.617648,29.364136,3.125051159,29.81014,3.09994709,1.90332,0.080301889,16.158196,NA,NA,-0.313604822,0.343511249,NA,NA,1,0.989589448,NA
1356_S3C1,,1356,l1,l1_in,-55.041,130.064,120.845,7.59517,8.196,7.10358,5.72451,0.903208,-36.8563,25.9125,0.54,140,-54.8125,1.15,1.1511,Y,3.76,951.512,Y,Y,NA,NA,NA,NA,NA,NA,ap,N,N,-65.05617826,NA,NA,NA,NA,NA,NA,NA,NA,NA,NA,NA,NA,NA,NA,NA,NA
110220_S5C1_J,,110220,l1,l1_in,-68.5123,136.479,135.873,9.99697,7.01824,6.95181,9.65807,0.954007,-29.6292,10.7115,0.55,287.5,-48.25,NA,NA,Y,4.28,78.5,Y,Y,18.23,0,Y,NA,NA,NA,epsp,N,Y,-67.80714,1.47947015,0.690774734,1.806207725,0.626408507,2.468485714,0.939130053,16.12367314,NA,NA,-0.50980789,0.253557432,NA,NA,1,0.779877179,NA
110220_S4C1_J,,110220,l1,l1_in,-73.0435,107.709,136.515,4.16279,5.68004,8.60567,5.95685,0.97267,-34.9144,16.0519,0.68,200.625,-53.8844,NA,NA,Y,2.96,47.04,Axonal,Y,37.8,0,Y,NA,NA,NA,epsp,N,Y,-77.3088225,11.505231,1.956073915,11.73219275,1.961801774,2.068175,0.102104996,13.8781175,NA,NA,-0.5628925,0.294680416,NA,NA,1,0.954218089,NA
688_S3C1,,688,l2,l2_in,-62.7714,165.024,262.462,7.15553,6.99561,10.572,9.67195,0.976691,-27.6581,18.2581,0.66,100,-47.6719,1.25,1.0858,N,3.6,64.517,Y,N,NA,NA,NA,NA,NA,NA,none,N,Y,-62.107528,NA,NA,0.677403648,0.461532659,NA,NA,NA,NA,NA,-0.69284656,0.233467569,NA,NA,NA,NA,lts
739_S3C2,,739,l2,l2_in,-72.2899,61.4675,72.3761,4.51708,3.18528,6.75776,4.64515,0.956046,-36.2294,34.58,0.12,274.375,-64.0656,1,1,Y,2.96,680.458,Axonal,Y,10.6,0,Y,NA,NA,NA,epsp,N,Y,-75.452954,1.07886996,0.719993845,1.49576376,0.783094396,4.733184211,4.884648074,5.160064234,NA,NA,-0.404220818,0.547337134,NA,NA,1,0.787250474,fs
745_S2C2,,745,l2,l2_in,-69.1753,34.8866,37.88,3.04386,3.1591,3.60017,3.38179,0.877381,-38.275,30.9563,0.12,430,-61.45,1.25,1.0591,Y,3.76,101.96,Y,Y,32.2,0,Y,NA,NA,NA,epsp,N,Y,-69.673394,2.5335038,0.556391784,2.6508344,0.568232338,2.541632653,0.196714016,9.157412041,NA,NA,-0.211040256,0.081451559,NA,NA,1,0.926258037,fs
745_S3C2,,745,l2,l2_in,-78.9977,89.7366,100.205,4.0099,9.31464,9.66675,5.91524,0.880662,-36.5625,44.1206,0.14,170,-61.7313,4.75,1.0996,Y,4.12,31.44,Y,N,NA,NA,NA,NA,NA,NA,none,N,Y,-73.665854,NA,NA,0.92029566,0.657360961,NA,NA,NA,NA,NA,-0.55120408,0.133078761,NA,NA,NA,NA,fs
776_S1C1,,776,l2,l2_in,-69.4933,159.486,177.428,5.60331,6.94526,5.19955,8.64525,0.919325,-37.7556,29.1513,0.47,171.25,-55.2313,1.3333,1.1411,Y,3.28,490.245,Y,Y,27.3,0,Y,NA,NA,NA,ap,N,N,-58.64345957,13.30326979,3.340945007,13.76101489,3.453940675,2.56793617,0.189915588,8.692263191,NA,NA,-0.492972519,0.261272821,NA,NA,1,0.965415115,fs
778_S1C1,,778,l2,l2_in,-66.4144,503.824,642.648,15.1867,17.6259,24.2458,16.4421,0.80766,-38.7156,40.1656,0.31,58.75,-58.4062,8.7917,47.988,Y,3.28,208.395,Y,Y,8.7,0,Y,NA,NA,NA,epsp,N,Y,-60.27723667,1.539633067,0.971529932,2.139737,0.998519187,17.77006897,19.02243103,36.15475338,NA,NA,-0.647241653,0.503487179,NA,NA,1,0.76776225,lts
778_S1C2_J,,778,l2,l2_in,-62.4015,329.977,317.44,15.9522,21.8467,18.0425,20.1879,0.841916,NA,NA,NA,NA,NA,NA,NA,Y,4.12,115.2,Y,Y,NA,NA,NA,NA,NA,NA,ap,N,N,-60.58,NA,NA,NA,NA,NA,NA,NA,NA,NA,NA,NA,NA,NA,NA,NA,lts
806_S2C2,,806,l2,l2_in,-71.3633,70.6183,66.387,4.87292,5.27289,6.1487,4.47471,0.887125,-30.5194,55.8744,0.1,326.875,-58.9688,17.9333,34.5044,Y,3.28,569.887,Axonal,Y,9.4,0,Y,NA,NA,NA,epsp,N,Y,-50.362244,0.722636996,0.543024942,1.066243592,0.471320483,NA,NA,NA,NA,NA,-0.514880972,0.306783713,NA,NA,1,0.674357743,fs
865_S5C1_J,,865,l2,l2_in,-77.5321,47.6992,52.2511,5.39003,5.25181,7.0658,6.70078,0.816862,-40.3875,38.2,0.11,446.875,-68.4688,3.25,1.1061,N,NA,NA,NA,Y,24.2,0,Y,NA,NA,NA,epsp,N,Y,-75.05934,3.849518667,0.871544759,4.106215333,0.927713311,3.023133333,0.256985406,12.07648233,NA,NA,-0.3562851,0.120773447,NA,NA,1,0.920160209,fs
865_S2C1_J,,865,l2,l2_in,-71.7609,303.708,292.871,20.9089,18.9449,20.8659,19.592,0.929317,-37.6688,44.2938,0.53,126.875,-58.25,1.0833,1.0487,N,4.12,217.538,Y,Y,28.9,0,Y,NA,NA,NA,epsp,N,Y,-73.52182667,12.56636733,2.379175602,12.877026,2.339146011,3.491965517,0.382789338,24.97622069,NA,NA,-0.810474413,0.707976668,NA,NA,1,0.940787259,fs
865_S4C1_J,,865,l2,l2_in,-72.8551,44.2733,42.029,4.40402,8.47288,8.42533,4.79895,0.910049,-42.1562,36.025,0.13,405,-72.2812,1,1,Y,3.76,136.6,Y,Y,36.5,0,Y,NA,NA,NA,ap,N,N,-75.56552,16.83342333,2.529440458,17.21135,2.579928169,3.911333333,0.122044179,11.42560333,NA,NA,-0.7573943,0.891600079,NA,NA,1,0.957849347,fs
907_S4C1_J,,907,l2,l2_in,-81.1413,25.4189,28.9689,80.2293,2.63105,2.5165,11.3468,0.759682,-50.8987,24.7575,0.04,648.75,-72,NA,NA,N,4.12,NA,Y,Y,39.5,0,Y,NA,NA,NA,epsp,N,Y,-81.7676975,11.4268265,1.891876117,11.695044,1.858762275,1.689975,0.113287809,7.73722875,NA,NA,-0.427610798,0.167281736,NA,NA,1,0.964726307,fs
918_S4C2_J,,918,l2,l2_in,-70.5569,24.9964,48.753,3.50413,8.19878,4.75525,6.16649,0.900946,NA,NA,NA,NA,NA,NA,NA,Y,3.28,47.04,Axonal,Y,23.1,0,Y,NA,NA,NA,epsp,N,Y,-75.941985,3.60898825,0.987479435,3.84479925,0.947543274,2.203153846,0.388868977,10.78062769,NA,NA,-0.7602789,0.414613514,NA,NA,1,0.834904235,fs
918_S2C1_J,,918,l2,l2_in,-67.4641,25.9651,29.2294,3.96652,5.26112,4.49377,5.78567,0.572449,-35.5294,24.7694,0.14,585,-62.4656,1,1,Y,3.76,40.087,Y,Y,35.7,0,Y,NA,NA,NA,epsp,N,Y,-75.66856,6.38434525,1.01738835,6.719104,1.031963263,2.135175,0.120391645,11.25259925,NA,NA,-0.240662105,0.074118539,NA,NA,1,0.965420949,fs
918_S3C3_J,,918,l2,l2_in,-74.4724,52.3026,63.0423,5.07892,49.8466,8.37562,6.35736,0.904236,-38.6987,32.3869,0.1,368.75,-69.3063,1,1,Y,4.12,146.467,Y,Y,42.9,0,Y,NA,NA,NA,epsp,N,Y,-73.693545,7.7693495,1.144546907,7.94487525,1.157447036,2.165975,0.165563449,10.3701415,NA,NA,-0.405047625,0.094727695,NA,NA,1,0.951490854,fs
923_S4C1_J,,923,l2,l2_in,-72.2531,36.2441,30.1094,2.50406,5.29858,3.20885,6.04893,0.896577,-40.0644,22.5975,0.08,680,-65.775,1,1,Y,3.28,341.413,Y,Y,14.7,0,Y,NA,NA,NA,epsp,N,Y,-71.2862825,0.46226465,0.199166739,0.774407925,0.198310356,NA,NA,NA,NA,NA,-0.27504596,0.102834251,NA,NA,1,0.737915154,fs
926_S1C3_J,,926,l2,l2_in,-72.1248,44.2057,39.8011,5.2277,12.7685,7.58267,4.81536,0.85816,-44.3388,32.4925,0.28,124.375,-55.1625,NA,NA,Y,3.76,9.8,Y,Y,2.8,0.009,Y,NA,NA,NA,epsp,N,Y,-73.60911333,0.115583447,0.225866857,0.562448867,0.261791515,NA,NA,NA,NA,NA,-0.313604822,0.342218629,NA,NA,1,0.642025568,fs
926_S2C2,,926,l2,l2_in,-69.228,198.898,177.414,8.22247,27.4893,20.1729,12.54,0.925652,-26.435,15.5556,0.47,93.125,-48.9531,1,1,Y,2.8,0,Axonal,N,NA,NA,NA,NA,NA,NA,none,N,Y,-65.193866,NA,NA,1.057299738,0.692605853,NA,NA,NA,NA,NA,-0.881138528,0.436854491,NA,NA,NA,NA,lts
926_S4C1,,926,l2,l2_in,-82.4415,85.5002,106.373,1.97308,3.64583,3.92447,6.69551,0.883877,-39.0862,22.7063,0.19,243.75,-62.5813,1,1,Y,3.96,254,Axonal,N,NA,NA,NA,NA,NA,NA,none,N,Y,-81.801324,NA,NA,1.25745566,0.676857519,NA,NA,NA,NA,NA,-0.69885701,0.41583108,NA,NA,NA,NA,fs
946_S3C1_J,,946,l2,l2_in,-56.5112,209.442,183.615,10.642,44.0955,8.96183,8.28017,0.907042,-36.315,44.8312,0.37,55.625,-57.3937,14.325,14.4533,N,NA,NA,NA,Y,30.2,0,Y,NA,NA,NA,epsp,N,Y,-56.7565325,4.61989,0.967365372,4.88372075,0.903569449,2.100410256,0.331068344,20.96102333,NA,NA,-0.575184733,0.337046119,NA,NA,1,0.894633689,lts
n_950_S1C2_J,,950,l2,l2_in,-69.6958,149.336,197.786,8.11193,27.049,10.3277,18.0354,0.775793,NA,NA,NA,NA,NA,NA,NA,N,NA,NA,NA,Y,34.5,0,Y,NA,NA,NA,epsp,N,Y,-70.147345,6.81912325,1.223610884,7.11797225,1.182102347,2.183205128,0.494520777,38.12736923,NA,NA,-0.591167803,0.362905384,NA,NA,1,0.923315986,fs
n_956_S1C1_J,,956,l2,l2_in,-71.5077,41.818,52.655,4.46411,3.84284,5.01922,6.20099,0.757169,NA,NA,NA,NA,NA,NA,NA,Y,3.16,478.296,N,Y,36.5,0,Y,NA,NA,NA,epsp,N,Y,-69.09235,7.97349175,1.352753596,8.165319,1.347029582,2.75345,0.187340489,10.57440025,NA,NA,-0.500618525,0.187206252,NA,NA,1,0.942231464,fs
n_956_S1C2_J,,956,l2,l2_in,-74.5072,128.319,142.148,4.19231,7.65058,7.96866,5.09951,0.899233,NA,NA,NA,NA,NA,NA,NA,Y,3.16,478.296,N,Y,33.6,0,Y,NA,NA,NA,epsp,N,Y,-73.4319675,8.2359835,1.990956363,8.439549,2.00188943,2.190725,0.24269713,13.81327,NA,NA,-0.5493588,0.288091657,NA,NA,1,0.938884811,lts
n_956_S2C3_J,,956,l2,l2_in,-66.5168,148.059,150.858,5.82086,6.19066,7.59829,5.30565,0.896241,NA,NA,NA,NA,NA,NA,NA,N,2.68,609.249,N,Y,3.9,0.0003,Y,NA,NA,NA,epsp,N,Y,-64.9882775,0.434216468,0.68056533,1.03678325,0.647580056,NA,NA,NA,NA,NA,-0.8732942,0.611842527,NA,NA,1,0.542796445,fs
1046_S1C1_J,,1046,l2,l2_in,-74.2963,65.563,79.8538,13.7256,5.56532,14.4556,7.6195,0.903855,-42.6425,29.1313,0.1,52.5,-68.7625,NA,NA,N,2.8,NA,Axonal,Y,NA,NA,NA,NA,NA,NA,ap,N,N,-72.36116,NA,NA,NA,NA,NA,NA,NA,NA,NA,NA,NA,NA,NA,NA,NA,lts
1093_S3C1,,1093,l2,l2_in,-78.7327,97.7186,104.727,4.75065,5.10396,6.97412,5.13773,0.90068,-41.925,40.7,0.12,200,-69.6562,1.0833,1.067,Y,2.96,11.231,Axonal,Y,57.2,0,Y,NA,NA,NA,epsp,N,Y,-80.652416,14.054104,1.73681718,14.269288,1.741574337,2.92098,0.205664924,14.042746,NA,NA,-0.3763366,0.129136043,NA,NA,1,0.97430382,fs
1107_S2C1,,1107,l2,l2_in,-54.6578,264.509,216.741,20.0329,18.8823,32.2436,9.13246,0.941414,NA,NA,NA,NA,NA,NA,NA,Y,2.68,445.803,Axonal,Y,6.1,0,Y,NA,NA,NA,epsp,N,Y,-55.77365,0.420561467,0.487998885,0.875531724,0.38469084,NA,NA,NA,NA,NA,-0.624468234,0.452959029,NA,NA,1,0.583687832,lts
1221_S2C1,,1221,l2,l2_in,-69.861,137.4,168.293,9.17117,10.3831,9.30995,7.92962,0.621578,-35.6681,34.0694,0.14,136.25,-66.35,3.9167,1.0382,Y,3.28,106.016,N,N,NA,NA,NA,NA,NA,NA,none,N,Y,-67.4583907,NA,NA,0.686154384,0.575160523,NA,NA,NA,NA,NA,-0.59197086,0.364107928,NA,NA,NA,NA,fs
1237_S1C2,,1237,l2,l2_in,-62.3093,38.0479,46.4392,5.72861,2.42129,3.81269,3.19803,0.895674,-25.3075,39.1131,0.11,492.5,-52.525,7,1.073,Y,3.16,201.222,Axonal,Y,66.6,0,Y,NA,NA,NA,ap,N,N,-58.837278,14.953354,1.588071466,15.251086,1.583236434,3.36254,0.088781596,11.4441794,NA,NA,-0.60397448,0.176230305,NA,NA,1,0.961906517,fs 
1237_S1C1_J,,1237,l2,l2_in,-71.0696,168.448,241.355,7.91016,7.82813,9.93421,12.6323,0.94391,-35.3506,30.0188,0.44,130,-54.5969,2.9167,1.079,N,3.28,30.983,Y,Y,37.4,0,Y,NA,NA,NA,epsp,N,Y,-69.7741963,21.88541111,3.043787042,22.17882593,3.058365132,2.128851852,0.066982032,15.03519259,NA,NA,-0.726630933,2.088811741,NA,NA,1,0.968276951,fs
1240_S2C1,,1240,l2,l2_in,-59.8869,231.873,223.023,8.72298,8.158,6.06604,7.28023,0.802178,-36.8631,48.3975,0.39,85,-57.4969,3.75,1.0591,N,3.44,735.079,Axonal,N,NA,NA,NA,NA,NA,NA,none,N,Y,-53.720218,NA,NA,2.146838906,1.14502128,NA,NA,NA,NA,NA,-1.53997438,0.62735951,NA,NA,NA,NA,lts
1240_S2C1_J,,1240,l2,l2_in,-80.5193,80.7215,80.6538,4.40659,5.88518,5.01338,6.4827,0.912659,-32.3975,29.9281,0.18,332.5,-60.775,1.24,1.0418,N,4.28,97.296,Y,Y,31.5,0,Y,NA,NA,NA,epsp,N,Y,-81.074025,11.31097125,2.268816089,11.546137,2.259542519,2.69565,0.262126369,11.9916,NA,NA,-0.287225725,0.100114682,NA,NA,1,0.975727464,fs
1242_S1C1_J,,1242,l2,l2_in,-67.721,NA,NA,NA,NA,NA,NA,NA,-44.2475,50.8431,0.27,15.625,-65.8219,NA,NA,Y,3.76,417.531,Y,Y,8.3,0,Y,NA,NA,NA,epsp,N,Y,-62.07065588,2.785107259,1.959240036,3.965609559,2.610171673,9.88865,20.73640751,29.3790563,NA,NA,-0.717570394,0.819883422,NA,NA,1,0.846777104,lts
1312_S1C1,,1312,l2,l2_in,-57.639,342.568,152.905,28.8848,29.8984,74.1426,16.1822,0.865243,-35.8813,51.0438,0.75,15,-54.3438,NA,NA,N,3.28,NA,N,N,NA,NA,NA,NA,NA,NA,none,N,Y,-54.55652286,NA,NA,1.289550271,1.35806463,NA,NA,NA,NA,NA,-0.308664426,1.142500476,NA,NA,NA,NA,lts
1312_S1C3,,1312,l2,l2_in,-64.1079,27.214,37.3088,7.91922,7.2605,8.70225,10.2386,0.679104,-34.7375,54.7,0.47,320,-51.125,1,1,N,3.28,NA,N,N,NA,NA,NA,NA,NA,NA,none,N,Y,-63.34496,NA,NA,0.58809334,0.570398094,NA,NA,NA,NA,NA,-0.35815728,0.095971775,NA,NA,NA,NA,fs
1354_S5C1,,1354,l2,l2_in,-79.9323,75.4438,145.182,11.6569,3.9543,4.7347,4.01958,0.937851,-25.5875,38.8375,0.16,315,-49.4063,1.15,1.0123,N,4.44,77.097,Y,Y,NA,NA,NA,NA,NA,NA,ap,N,N,NA,NA,NA,NA,NA,NA,NA,NA,NA,NA,NA,NA,NA,NA,NA,NA,fs
10221_S1C1_J,,10221,l2,l2_in,-68.3128,149.36,178.755,7.59593,9.36629,6.26163,8.03977,0.681447,NA,NA,NA,NA,NA,NA,NA,Y,3.96,50.22,Y,Y,60.6,0,Y,-18.8,0,Y,biphasic,Y,Y,-66.2592525,14.87079,1.848378686,15.90339,1.695858004,2.39,0.138226549,8.063895385,-1.493976225,0.644207987,-3.0549655,1.426075857,82.36313514,27.37567589,0.908707756,0.838859151,fs
20221_S2C2_J,,20221,l2,l2_in,-90.3563,70.4634,63.4634,3.3639,4.95627,23.5785,64.7671,0.919572,NA,NA,NA,NA,NA,NA,NA,Y,4.28,313.427,Axonal,Y,24.6,0,Y,NA,NA,NA,epsp,N,Y,-80.1233625,4.810751225,1.239539268,5.20757875,1.311766,4.2891,11.39024975,10.98453025,NA,NA,-0.755780575,0.326965521,NA,NA,1,0.873262614,fs
141019_S3C1_J,,141019,l2,l2_in,-61.5564,166.641,141.293,13.3688,19.4794,17.5214,37.6477,0.876198,NA,NA,NA,NA,NA,NA,NA,Y,3.6,460.69,Axonal,Y,10.7,0,Y,NA,NA,NA,epsp,N,Y,-65.656392,1.001404328,0.65965321,1.25120138,0.646249082,6.108688889,10.95768082,8.393125467,NA,NA,-0.67542294,0.277686772,NA,NA,1,0.649426755,fs
180321_S1C1_J,,180321,l2,l2_in,-74.9548,112.911,144.053,8.25189,11.4646,12.9229,13.3093,0.942451,-45.4294,47.6619,0.51,106.25,-55.4,1,1,N,2.96,36.901,Axonal,N,NA,NA,NA,NA,NA,NA,none,N,Y,-72.9845375,NA,NA,0.458910375,0.241803414,NA,NA,NA,NA,NA,-0.336012475,0.099958111,NA,NA,NA,NA,lts
190321_S2C1,,190321,l2,l2_in,-73.118,39.3658,48.1721,5.30753,3.1902,4.55258,6.73191,0.815777,-38.5394,37.4519,0.1,522.5,-66.2219,1.1667,1.0493,Y,3.96,408.222,Y,Y,29,0,Y,NA,NA,NA,ap,N,N,-67.94149667,9.838574,1.856596191,10.02713233,1.872243764,3.6078,0.228088972,10.08775133,NA,NA,-0.665474657,1.827953493,NA,NA,1,0.937763105,fs
180321_S2C1_J,,190321,l2,l2_in,-72.1547,31.5772,43.2694,4.50022,4.67542,4.15998,2.56937,0.815029,-32.2025,30.8113,0.1,581.875,-59.8,1.6667,1.0367,Y,2.8,0,Axonal,N,NA,NA,NA,NA,NA,NA,none,N,Y,-68.00604,NA,NA,0.49103705,0.807814383,NA,NA,NA,NA,NA,-1.009198523,0.623311962,NA,NA,NA,NA,fs
517_S3C1,,517,l2,l2_pc,-64.105,176.532,246.825,18.5929,16.2368,30.2674,53.6774,0.607013,-45.2556,40.8644,0.45,63.125,-65.8125,NA,NA,N,4.56,NA,Axonal,Y,67.9,0,Y,-39.2,0,Y,ap,Y,N,-66.52574043,13.97530426,1.409272479,14.23325532,1.421114605,1.897531915,0.123087076,6.665559149,-5.725105957,1.001780003,-6.282051277,0.92589309,32.70180851,24.05218087,0.709391536,0.693787112,NA
562_S3C1,,562,l2,l2_pc,-65.7491,111.628,198.509,26.5028,26.2185,35.5842,42.8541,0.735503,-38.3544,50.2844,0.65,101.25,-56.5969,3.1667,1.2075,Y,4.72,270.5,Y,Y,50.5,0,Y,-8.8,0,Y,biphasic,Y,Y,-67.290694,6.6781616,0.935561029,6.8503162,0.932911144,3.277574468,0.679061813,43.31667447,-0.3996451,0.318380364,-0.651370452,0.282121324,NA,NA,0.94353546,0.913170133,NA
576_S3C1,,576,l2,l2_pc,-73.398,141.886,335.232,18.0762,20.2036,27.6023,49.1757,0.932732,-25.1375,30.6125,0.65,103.75,-50.2812,1,1,Y,4.88,NA,Axonal,Y,46.7,0,Y,-23,0,Y,biphasic,Y,Y,-66.973098,26.128602,3.958755111,30.54583636,1.77149541,2.75596,0.074410324,13.4657072,-4.156339,1.279074576,-3.063540455,1.37059534,65.66298,27.71835136,0.862758887,0.908848639,NA
599_S1C1,,599,l2,l2_pc,-66.5181,86.7442,148.559,19.5819,19.3769,24.5203,36.0801,0.708108,-41.6063,48.85,0.57,106.25,-57.625,5,1.094,N,4.44,80.03,Y,Y,42.4,0,Y,-16,0,Y,biphasic,Y,Y,-66.48291714,3.359183429,0.468960219,3.598979429,0.449382728,2.475342857,0.421116439,25.08741143,-0.826232743,0.265603339,-1.150127429,0.184451394,NA,NA,0.802592452,0.757822373,NA
675_S3C1,,675,l2,l2_pc,-68.2503,153.509,216.474,5.76133,7.2342,8.02113,9.49792,0.918207,-32.9219,31.205,0.51,119.375,-53.8438,1.5,1.086,N,4.28,380.106,Y,Y,23,0,Y,NA,NA,NA,epsp,N,Y,-67.59503,11.0699685,2.150690275,11.2972005,2.143092437,2.10905,0.165298605,19.14563,NA,NA,-0.7891988,0.380499277,NA,NA,1,0.934703564,NA
739_S2C2,,739,l2,l2_pc,-62.8786,44.8545,57.7426,17.2023,17.1468,21.1997,22.1843,0.692681,-43.9256,51.1887,0.46,156.875,-57.4125,5,1.2299,Y,3.28,405.91,Axonal,N,NA,NA,NA,NA,NA,NA,none,N,Y,-63.48327,NA,NA,0.520962384,0.290092531,NA,NA,NA,NA,NA,-0.63728866,0.371785239,NA,NA,NA,NA,NA
806_S3C1,,806,l2,l2_pc,-73.4124,194.701,222.963,20.2783,17.729,15.3664,23.4797,0.893947,NA,NA,NA,NA,NA,1.05,1.1152,N,3.96,508.874,Axonal,N,NA,NA,NA,NA,NA,NA,none,N,Y,-70.3653,NA,NA,0.8272821,0.859918749,NA,NA,NA,NA,NA,-0.9845925,0.67863613,NA,NA,NA,NA,NA
811_S5C1,,811,l2,l2_pc,-71.2965,254.25,289.441,25.3897,30.0941,30.0174,50.8802,0.876083,-48.2412,36.145,0.72,52.5,-62.55,1.333,1.058,N,3.76,288.351,Y,N,NA,NA,NA,NA,NA,NA,none,N,Y,-65.114452,NA,NA,0.600078206,0.689334571,NA,NA,NA,NA,NA,-0.711046515,0.661084041,NA,NA,NA,NA,NA
926_S2C1,,926,l2,l2_pc,-66.052,58.8659,90.9131,13.7414,14.8043,16.3185,23.9864,0.829082,-42.4719,48.6175,0.35,130,-57.6875,6.1667,1.0114,Y,2.8,569.4,Axonal,N,NA,NA,NA,NA,NA,NA,none,N,Y,-66.869468,NA,NA,0.534458129,0.260863517,NA,NA,NA,NA,NA,-0.44191618,0.168130301,NA,NA,NA,NA,NA
949_S1C1,,949,l2,l2_pc,-61.4869,100.005,98.8314,28.7221,16.0215,52.0882,16.0782,0.70551,-43.2563,49.6063,0.58,102.5,-56.625,NA,NA,Y,4.28,80.959,Y,Y,19.9,0,Y,-22.4,0,Y,biphasic,Y,Y,-61.047902,1.43212792,0.506498529,1.67627786,0.490346982,3.3569,0.917006468,9.96511375,-2.30288306,0.727290608,-2.61147204,0.738852731,25.41792,26.71562435,0.38343339,0.390945811,NA
n_950_S2C1_J,,950,l2,l2_pc,-67.7706,180.266,-180.266,14.6261,14.1906,14.6261,14.1906,-55.4709,NA,NA,NA,NA,NA,NA,NA,Y,4.56,5.63,Y,Y,13,0,Y,-1.4,0.174,N,epsp,N,Y,-70.45314,1.007060525,0.356250924,1.182912875,0.602480683,4.59155,6.560494419,12.5744102,NA,NA,-0.528809025,0.181835445,NA,NA,1,0.69106604,NA
956_S3C1,,956,l2,l2_pc,-75.5143,70.3596,125.657,13.1903,12.6771,12.9034,15.157,0.838939,-37.2188,48.1275,0.6,-130,-56.3188,1.6667,1.1495,Y,3.76,93.499,Axonal,Y,11.9,0,Y,NA,NA,NA,epsp,N,Y,-70.287035,4.5609068,2.415590013,4.773592925,2.471892492,2.915645161,0.789934282,16.66763161,NA,NA,-0.42187602,6.18981949,NA,NA,1,0.918799241,NA
n_956_S2C4_J,,956,l2,l2_pc,-80.7373,139.612,200.679,14.4791,12.8795,20.7612,17.1603,0.903335,NA,NA,NA,NA,NA,NA,NA,N,2.68,609.249,N,Y,8.2,0,Y,NA,NA,NA,epsp,N,Y,-70.67629744,0.869793928,0.664557096,1.189674026,0.685002053,NA,NA,NA,NA,NA,-0.556400403,0.445682929,NA,NA,1,0.681342104,NA
987_S3C1,,987,l2,l2_pc,-76.8755,57.0048,98.8724,7.73558,10.6498,17.0736,13.8509,0.744076,-42.6706,35.6494,0.36,196.25,-58.2031,1,1,N,3.16,NA,Axonal,Y,7.8,0,Y,NA,NA,NA,epsp,N,Y,-78.208476,0.51090009,0.461686909,0.87847778,0.420410026,NA,NA,NA,NA,NA,-0.694584876,0.415776073,NA,NA,1,0.558450597,NA
1042_S2C1_J,,1042,l2,l2_pc,-72.5405,241.957,302.182,9.99617,0.779076,13.0753,9.81374,0.880324,-37.2125,31.9737,0.5,86.875,-55.8188,5.025,21.2166,N,3.28,NA,Y,Y,43.3,0,Y,-8.8,0,Y,biphasic,Y,Y,-70.9726175,20.361105,2.977076343,20.6734,2.970675353,1.946025,0.107644593,17.3641125,-0.64446547,0.461627367,-1.241287725,0.328085334,NA,NA,0.969319306,0.943358183,NA
1042_S3C1_J,,1042,l2,l2_pc,-71.9971,139.317,152.822,7.44562,4.47505,5.15283,8.14664,0.924253,-34.2788,31.4625,0.54,188.75,-55.9688,5.0167,36.2732,N,4.28,NA,Y,Y,NA,NA,NA,NA,NA,NA,ap,N,N,-72.42,NA,NA,NA,NA,NA,NA,NA,NA,NA,NA,NA,NA,NA,NA,NA,NA
1049_S1C1_J,,1049,l2,l2_pc,-77.7255,79.1681,85.6674,7.61197,12.3601,9.23375,16.3565,0.835301,-43.04,40.2413,0.39,202.5,-57.85,4.6,36.262,Y,3.96,50.069,Axonal,Y,10.5,0,Y,-0.83,4.126,N,epsp,N,Y,-78.3662,0.664354365,0.399047948,0.95213845,0.342407492,NA,NA,NA,NA,NA,-0.69286215,0.139705588,NA,NA,1,0.578807357,NA
1082_S1C3,,1082,l2,l2_pc,-70.6467,64.176,78.7617,11.5223,11.2043,16.1257,14.8278,0.922033,-32.255,56.8819,0.56,320,-48.6625,1.5833,1.1543,Y,2.96,44.645,Axonal,Y,33.5,0,Y,NA,NA,NA,epsp,N,Y,-69.050886,2.6521228,0.560196907,2.8400066,0.550809029,3.644183673,0.952385375,20.24218286,NA,NA,-0.484806044,0.173365362,NA,NA,1,0.854185455,NA
1091_S1C1,,1091,l2,l2_pc,-66.0772,75.613,80.2068,25.4549,15.8546,26.0176,53.5905,0.704096,-41.675,52.6,0.6,151.25,-56.1562,3.5833,1.2824,N,3.16,650.075,Axonal,Y,19.2,0,Y,-6.4,0,Y,biphasic,Y,Y,-66.0772,1.70688778,0.62845688,2.0100732,0.641970867,3.575395833,0.880540012,22.14449346,-0.18611781,0.206769949,-0.66617732,0.154619116,NA,NA,0.90168132,0.751078117,NA
1091_S1C1_J,,1091,l2,l2_pc,-69.0542,110.475,123.488,34.1095,42.9085,24.8734,19.6677,0.639483,-46.2925,57.135,0.47,116.875,-61.4312,1,1,Y,4.56,155.661,Y,Y,55.2,0,Y,-6.9,0,Y,biphasic,Y,Y,-70.2540875,7.3671925,0.844662257,8.16830125,1.164164361,3.188725,0.300005298,40.201749,-0.355575011,0.215722357,-1.79154215,0.173365362,NA,NA,0.953957566,0.820123462,NA
1091_S2C2,,1091,l2,l2_pc,-67.554,274.738,319.888,8.99558,10.7796,11.627,20.4192,0.656245,-34.5063,38.4125,0.52,65.625,-59.875,1.75,1.0799,N,4.12,171.334,Y,Y,29.6,0,Y,NA,NA,NA,epsp,N,Y,-65.361186,8.877999,2.123878537,10.2130536,1.967353793,2.4355,0.266178791,55.84562917,NA,NA,-0.441316355,0.350336297,NA,NA,1,0.958578841,NA
1092_S1C1,,1092,l2,l2_pc,-75.4292,181.191,215.701,39.1139,13.5597,58.6518,27.6792,0.782244,NA,NA,NA,NA,NA,NA,NA,Y,2.56,515.887,Axonal,N,NA,NA,NA,NA,NA,NA,none,N,Y,-69.215528,NA,NA,0.83427885,0.593105519,NA,NA,NA,NA,NA,-0.642596028,0.405291174,NA,NA,NA,NA,NA
1093_S2C1_J,,1093,l2,l2_pc,-63.1977,71.4475,96.5322,25.702,32.3846,22.7461,24.2339,0.714906,-44.3425,49.595,0.49,88.75,-58.95,1,1,Y,4.12,387.562,Y,Y,41.1,0,Y,-13.9,0,Y,biphasic,Y,Y,-70.5106575,8.828768,1.359828294,8.9351965,1.357398941,2.090875,0.090881492,25.7716475,-0.504424283,0.22888825,-0.694022725,0.191969093,NA,NA,0.945953724,0.927925338,NA
1107_S2C1_J,,1107,l2,l2_pc,-59.5604,80.8487,121.759,54.7198,23.4674,29.6839,32.4678,0.765021,-43.2475,48.3562,0.47,69.375,-59.5,5.75,1.4048,Y,2.8,191.99,Axonal,Y,15.8,0,Y,-18.3,0,Y,biphasic,Y,Y,-63.00806,2.055058525,0.822547047,2.2922762,0.816054475,2.446216216,0.631188963,19.09020089,-0.63333465,0.219146307,-0.82475595,0.202473868,NA,NA,0.764418889,0.735403451,NA
1136_S1C2,,1136,l2,l2_pc,-65.6565,48.5109,60.3645,14.1628,16.4676,16.6083,19.5635,0.651533,-36.4062,52.5812,0.66,165,-53.8438,4.6667,1.3279,Y,4.12,722.282,Axonal,Y,36.6,0,Y,-1.8,0.0751,N,epsp,N,Y,-63.945596,2.5378276,0.489976993,2.9005954,0.500609115,2.6378125,0.631834669,23.46113333,NA,NA,-0.96377986,1.102180834,NA,NA,1,0.750598791,NA
1136_S2C2_J,,1136,l2,l2_pc,-73.1624,93.219,101.677,47.8165,27.3813,27.1537,53.3269,0.863026,-42.5063,56.8687,0.54,140.625,-61.3938,2.5,1.1991,Y,4.28,541.632,Y,Y,50.2,0,Y,NA,NA,NA,epsp,N,Y,-74.59788,9.38400675,1.182211036,9.574287,1.169761147,2.533675,0.198050419,49.541485,NA,NA,-0.517123375,0.395560587,NA,NA,1,0.948756085,NA
1139_S2C2,,1139,l2,l2_pc,-62.4232,111.034,142.891,51.4216,41.3594,28.1733,21.5171,0.840858,-33.0875,55.2938,0.62,150,-42.3125,9,4.3074,N,NA,NA,NA,Y,37.8,0,Y,NA,NA,NA,epsp,N,Y,-63.416594,3.3081388,0.61971712,3.5428408,0.62179994,3.2402,0.25902478,42.063032,NA,NA,-0.451534418,0.202494103,NA,NA,1,0.886957436,NA
1221_S3C2,,1221,l2,l2_pc,-69.3655,107.612,134.036,13.6694,11.8154,17.0352,15.7166,0.616685,-40.185,41.7344,0.47,111.25,-55.8031,5.75,1.404,Y,4.72,329.158,N,Y,3.8,0.0006,Y,NA,NA,NA,epsp,N,Y,-62.32921316,0.252927949,0.416282515,0.573291368,0.338229435,NA,NA,NA,NA,NA,-0.549158955,0.334296438,NA,NA,1,0.51074988,NA
1221_S3C1_J,,1221,l2,l2_pc,-62.6592,129.615,231.895,18.1762,19.292,20.2292,32.1705,0.633532,-38.8425,36.2288,0.49,65.625,-54.15,1.0833,1.0516,N,,,,N,NA,NA,NA,NA,NA,NA,none,N,Y,-59.56,NA,NA,0.36482872,0.236174429,NA,NA,NA,NA,NA,-0.487905073,0.259340769,NA,NA,NA,NA,NA
1237_S3C2_J,,1237,l2,l2_pc,-70.8955,177.684,148.887,8.15484,10.3356,17.5497,17.8682,0.839057,-38.6731,42.84,0.6,221.875,-56.8875,1.1667,1.0884,Y,4.12,227.24,Y,N,NA,NA,NA,NA,NA,NA,none,N,Y,-75.6596575,NA,NA,1.5866987,0.730956169,NA,NA,NA,NA,NA,-1.295490675,0.338329292,NA,NA,NA,NA,NA
1240_S2C2,,1240,l2,l2_pc,-63.5948,31.7362,64.0061,22.1408,11.5151,20.4406,27.0177,0.708596,-39.3206,49.3706,0.51,196.25,-52.0906,1,1,Y,3.44,861.64,Axonal,Y,13.6,0,Y,-3.14,0.0028,Y,biphasic,Y,Y,-61.23974,1.34900416,0.703880269,1.74336136,0.758865134,11.23664103,16.46620003,16.39797669,-0.247504496,0.556881071,-0.92788876,0.299912705,NA,NA,0.844971404,0.652638758,NA
1242_S2C1,,1242,l2,l2_pc,-73.2342,160.011,237.47,37.2602,27.4513,62.8226,63.327,0.806058,-48.7088,47.3912,0.47,46.25,-67.2656,2.5,1.1193,N,2.8,NA,Axonal,N,NA,NA,NA,NA,NA,NA,none,N,Y,-67.42,NA,NA,0.707834772,0.476993072,NA,NA,NA,NA,NA,-0.778914346,0.394307057,NA,NA,NA,NA,NA
1242_S2C2,,1242,l2,l2_pc,-82.5706,71.3882,70.2774,11.1838,9.60015,10.3946,11.9451,0.90327,NA,NA,NA,NA,NA,1.667,1.2042,N,2.8,NA,Axonal,Y,10.5,0,Y,NA,NA,NA,epsp,N,Y,-79.733426,0.335660352,0.226841925,0.5561787,0.252572497,NA,NA,NA,NA,NA,-0.350259477,0.20688643,NA,NA,1,0.61358702,NA
1309_S2C1,,1309,l2,l2_pc,-57.7759,73.1763,75.5132,15.5291,19.9441,14.7401,22.6241,0.69154,-39.3687,47.575,0.44,125.625,-57.75,6.1,1.2486,Y,4.12,284.826,Y,Y,21.351956,0,Y,-11.239219,0,Y,biphasic,Y,Y,-59.06475667,1.304045167,0.334515004,1.529343233,0.34890028,3.750678571,0.74124635,13.53333821,-0.527700829,0.257165239,-0.905032033,0.222538267,NA,NA,0.711913753,0.628228217,NA
1312_S2C1,,1312,l2,l2_pc,-72.7799,52.2099,49.777,19.3754,15.4792,18.1441,18.8448,0.741136,-52.6313,51.45,0.5,218.125,-61.6563,4.55,1.0671,N,NA,NA,NA,Y,2.833967,0.003329,Y,-3.996178,0.000108,Y,biphasic,Y,Y,-72.361288,0.10462116,0.261041579,0.336287984,0.267214733,NA,NA,NA,-0.070884695,0.125427466,-0.33371206,0.093751267,NA,NA,0.596112078,0.501922331,NA
1354_S3C1,,1354,l2,l2_pc,-67.7209,39.1566,48.8485,14.389,16.4869,20.1998,17.9589,0.669363,-17.025,71.3187,0.55,290,-32.8125,NA,NA,Y,3.6,0,Y,Y,37.311,0,Y,-41.463328,0,Y,biphasic,Y,Y,NA,6.329731667,0.929199436,6.491933,0.981854231,2.295733333,0.347412002,8.690503,-3.925477,0.518547931,-4.165358667,0.42287036,22.9191,119.9683533,0.617221148,0.609154108,NA
1355_S4C1,,1355,l2,l2_pc,-63.9084,99.2726,92.9906,18.3613,16.9379,21.0358,19.7843,0.813388,-37.8312,47.775,0.52,136.875,-57.2813,3.05,1.1992,Y,4.12,142.315,Y,Y,65.180643,0,Y,-21.003132,0,Y,biphasic,Y,Y,-62.61712333,4.184627333,0.351640408,4.457741667,0.39779126,4.151266667,0.358312706,26.63117333,-0.7313951,0.190734218,-0.9589247,0.200123927,NA,NA,0.85122218,0.822967738,NA
1355_S1C1,,1355,l2,l2_pc,-67.9557,24.5934,28.5823,5.71724,6.69959,7.09625,7.34461,0.604203,-38.375,48.8854,0.5167,372.5,-53.0313,9.35,1.5708,Y,NA,NA,Y,Y,22.6212,0,Y,-15.7041,0,Y,biphasic,Y,Y,-67.6324225,1.2015408,0.335932234,1.408980525,0.346480389,2.7289,5.381298475,2.829877,-0.353146535,0.142223645,-0.70742485,0.174865478,NA,NA,0.772850446,0.665742273,NA
1356_S1C1,,1356,l2,l2_pc,-67.0374,52.7247,62.3756,12.6503,10.3177,14.328,15.3375,0.848634,-37.9813,55.275,0.48,220,-48.8438,5.75,1.2128,Y,2.96,545.237,Axonal,Y,44.656,0,Y,-6.9655,0,Y,biphasic,Y,Y,-67.26472,4.496866,0.551556207,4.651181667,0.567044131,2.174851852,0.123082431,24.88101852,-0.35080239,0.275845123,-0.6259015,0.242874932,NA,NA,0.927634821,0.881392527,NA
20221_S3C1_J,,20221,l2,l2_pc,-67.2706,61.5395,63.6244,15.5171,23.0575,45.3845,14.2131,0.765528,NA,NA,NA,NA,NA,NA,NA,Y,2.8,510.75,Axonal,Y,37.7,0,Y,-8.5,0,Y,biphasic,Y,Y,-65.877125,2.723127,0.457051367,2.83985675,0.49466937,3.121384615,0.476513744,28.54339487,-0.220697818,0.166577966,-0.462174175,0.145434365,NA,NA,0.925030248,0.86003336,NA
20221_S4C1_J,,20221,l2,l2_pc,-67.9862,65.6525,69.8717,16.1371,9.8325,17.9096,16.7073,0.673409,NA,NA,NA,NA,NA,NA,NA,Y,3.6,365.766,Y,Y,23.4,0,Y,-3.5,0.00119,Y,biphasic,Y,Y,-68.1635,2.0434394,0.547462133,2.24928455,0.5817622,4.603447368,8.670114428,25.15914737,-0.186883407,0.352785779,-0.577277225,0.209241496,NA,NA,0.916207911,0.795766988,NA
70120_S3C1_J,,70120,l2,l2_pc,-70.6415,71.2412,115.898,10.2292,26.3397,53.6705,72.6362,0.624103,-45.2825,46.2944,0.54,75.625,-62.7781,3.5,1.1817,Y,4.44,191.812,Axonal,Y,4.1,0.0002,Y,-8.6,0,Y,biphasic,Y,Y,-70.444016,1.524002664,2.659007274,2.59751448,2.609716189,23.26432,24.4707397,9.448748792,-2.368965458,1.953497969,-4.0399862,1.672467915,52.83242105,36.48457737,0.391475763,0.391339241,NA
110220_S5C2_J,,110220,l2,l2_pc,-70.2865,156.021,216.319,52.0704,17.5183,22.9218,21.8835,0.89572,NA,NA,NA,NA,NA,NA,NA,N,4.12,229.1,Y,Y,3.9,0.0004,Y,NA,NA,NA,epsp,N,Y,-67.9758775,0.232499865,0.373673604,0.6163498,0.328729431,NA,NA,NA,NA,NA,-0.583181565,0.348411582,NA,NA,1,0.513825497,NA
190321_S1C2,,190321,l2,l2_pc,-68.8535,171.973,320.189,34.7271,62.0996,30.3002,62.2705,0.819652,-35.5263,55.3438,0.56,66.25,-55.3906,1,1,N,3.28,1094.927,Y,Y,6.08,0,Y,NA,NA,NA,epsp,N,Y,-71.70898,0.74566342,0.671583573,1.2597027,0.619936032,NA,NA,NA,NA,NA,-0.72842403,0.991899266,NA,NA,1,0.633612878,NA
190321_S2C2_J,,190321,l2,l2_pc,-64.9303,147.097,164.568,50.946,32.9776,55.5674,45.8482,0.752017,-43.3594,49.8169,0.44,-30.625,-58.6875,NA,NA,Y,2.8,174.813,Axonal,N,NA,NA,NA,NA,NA,NA,none,N,Y,-68.00604,NA,NA,0.49103705,0.807814383,NA,NA,NA,NA,NA,-1.009198523,0.623311962,NA,NA,NA,NA,NA
280121_S2C1_J,,280121,l2,l2_pc,-61.9052,56.248,68.44,21.7531,19.4296,24.7189,20.1041,0.691027,NA,NA,NA,NA,NA,NA,NA,Y,3.44,690.007,Axonal,Y,42.6,0,Y,-13.5,0,Y,biphasic,Y,Y,-61.821065,4.75801225,0.705808285,4.90707675,0.704371029,2.765575,0.187879515,34.569415,-0.486866525,0.22815864,-0.694251,0.22041501,NA,NA,0.907172969,0.876055994,NA
280121_S3C1_J,,280121,l2,l2_pc,-60.7407,69.4016,84.8407,18.4264,21.0587,32.8001,22.673,0.755868,NA,NA,NA,NA,NA,NA,NA,N,3.96,73.997,Y,N,NA,NA,NA,NA,NA,NA,none,N,Y,-59.73576,NA,NA,0.44809912,0.409316257,NA,NA,NA,NA,NA,-0.442681807,0.137431116,NA,NA,NA,NA,NA
513_S1C2,,513,l2,l2_sc,-67.747,51.6397,76.0074,16.0146,13.9723,21.1113,25.1583,0.662068,-38.895,46.3681,0.48,171.875,-53.2437,1,1,Y,3.96,551.5,Y,Y,39.4,0,Y,-28.6,0,Y,biphasic,Y,Y,-67.727344,2.8818702,0.517196273,3.1026466,0.543693683,1.851489362,0.177257596,7.805239362,-1.38090388,0.341744305,-1.6927274,0.266086093,45.68882,71.641694,0.67605511,0.647008263,NA
518_S1C1,,518,l2,l2_sc,-68.1944,40.9467,50.1159,13.2084,12.1084,8.78342,13.152,0.690687,-37.9537,35.455,0.55,440,-49.8094,1.75,1.1024,Y,3.76,389.6,Y,Y,NA,NA,NA,-7.6,0,Y,ipsp,N,Y,-65.192958,NA,NA,0.393268704,0.61685162,NA,NA,NA,-0.262280044,0.243281111,-0.63248142,0.238508708,NA,NA,0,0.383396204,NA
562_S2C1,,562,l2,l2_sc,-62.3554,74.1039,155.904,16.5553,18.4395,34.9219,38.9199,0.549289,-39.4838,49.9406,0.62,87.5,-54.1625,4.9167,1.8555,Y,4.44,287.1,Y,Y,21.1,0,Y,-4.99,0,Y,biphasic,Y,Y,-61.418464,1.56953302,0.526407982,1.77440092,0.512604287,3.365976744,0.7827996,23.22354186,-0.182446574,0.25803542,-0.50334864,0.205545541,NA,NA,0.895862615,0.779014933,NA
562_S1C1,,562,l2,l2_sc,-67.5793,32.4844,45.3249,17.965,14.5742,19.5312,18.7176,0.638862,-39.7975,53.3912,0.65,262.5,-56.1781,6.0833,1.5221,Y,3.44,1188.8,Y,Y,95.99,0,Y,-58.96,0,Y,ap,Y,N,-68.04927708,22.78466875,1.644422575,23.12127917,1.7667498,2.2633125,0.052104296,19.52515,-2.748404583,0.322943901,-3.036012292,0.243808201,78.29577083,84.13554282,0.892359038,0.883932467,NA
573_S4C1_D,,573,l2,l2_sc,-67.803,63.237,88.6345,12.5832,10.61,11.7374,19.4207,0.612693,-37.1462,40.5069,0.48,123.75,-55.7844,14.65,30.1906,N,4.56,588.8,Y,Y,9.96,0,Y,-2.1,0.04278,Y,biphasic,Y,Y,-65.05687308,1.422085665,0.728170933,1.579109385,0.728586174,4.483421053,2.60933598,15.80307626,-0.254820338,0.608695396,-0.729665454,0.579407605,NA,NA,0.848041371,0.68395989,NA
573_S1C1,,573,l2,l2_sc,-64.045,41.4442,32.0874,9.25438,10.7386,15.9751,14.0042,0.594291,-44.6719,43.795,0.5,152.5,-60.5781,7.833,2.0347,Y,4.12,272.8,Y,Y,32.9,0,Y,-42.8,0,Y,biphasic,Y,Y,-66.661978,2.31657,0.497649414,2.5282886,0.468497902,2.419958333,0.18860766,5.693218542,-1.37646508,0.227238344,-1.6770868,0.1945634,17.35846,89.477092,0.6272808,0.601204021,NA
578_S3C3,,578,l2,l2_sc,-74.3053,63.9214,140.906,16.3013,16.1744,21.5603,26.8665,0.653095,-47.6938,30.6812,0.54,118.75,-62.7812,1.25,1.0572,Y,4.56,78.169,Y,N,NA,NA,NA,NA,NA,NA,none,N,Y,-77.389628,NA,NA,0.391501407,0.328516608,NA,NA,NA,NA,NA,-0.400373624,0.164542544,NA,NA,NA,NA,NA
578_S4C1,,578,l2,l2_sc,-66.5857,36.4936,37.4204,6.59928,6.08627,9.4133,8.21004,0.590585,-49.825,35.3125,0.4,206.875,-63.9375,8.1667,1.5974,N,3.96,617.1,Y,N,NA,NA,NA,NA,NA,NA,none,N,Y,-68.468454,NA,NA,0.39969448,0.163562264,NA,NA,NA,NA,NA,-0.324055592,0.094358696,NA,NA,NA,NA,NA
582_S1C1,,582,l2,l2_sc,-64.0428,37.283,85.1518,11.7301,15.978,31.8928,28.9471,0.633385,-45.6562,46.375,0.45,76.875,-61.7188,6.4667,43.5949,N,NA,NA,NA,Y,33.65,0,Y,-5.9,0,Y,biphasic,Y,Y,-65.002582,3.8339436,0.805732308,4.0019494,0.800546454,1.967125,0.199700267,25.66964792,-0.32471673,0.386732121,-0.68055038,0.31016928,NA,NA,0.921917949,0.854660884,NA
583_S1C1,,583,l2,l2_sc,-69.7353,55.8182,143.889,16.7085,9.67689,10.2585,12.0536,0.73541,-41.3062,35.4125,0.49,108.75,-55,NA,NA,N,NA,NA,NA,Y,15.5,0,Y,-15.5,0,Y,biphasic,Y,Y,-63.81974694,1.824972327,0.825119225,2.004697224,0.842777918,2.933375,0.851806126,7.926951225,-1.623157349,0.732646767,-2.06099149,0.576473096,30.3377551,80.21119537,0.529264412,0.493076909,NA
688_S1C1,,688,l2,l2_sc,-55.4341,71.0958,112.954,11.397,14.8544,20.3276,18.4389,0.624864,-29.2119,70.9225,0.47,115.625,-46.8938,4.25,1.2682,Y,3.96,1075.5,Y,Y,18.4,0,Y,-4.57,0.0021,Y,biphasic,Y,Y,-51.62381,3.5052535,0.851387563,3.6886625,0.841479906,3.527931818,0.454941213,22.09875455,-0.156680849,0.153370687,-0.4086826,0.140675129,NA,NA,0.957213638,0.90025673,NA
737_S2C1,,737,l2,l2_sc,-65.4924,59.0961,80.5074,7.97194,11.927,14.7607,12.3187,0.594044,-26.9106,53.8163,0.48,170,-47.1063,7,1.6923,N,4.12,280.9,Y,Y,10.98,0,Y,NA,NA,NA,epsp,N,Y,-62.670448,0.571645578,0.368055091,0.78138608,0.312262297,NA,NA,NA,NA,NA,-0.416113428,0.217755441,NA,NA,1,0.65251474,NA
737_S1C1,,737,l2,l2_sc,-62.5363,49.1981,65.1489,7.33912,9.12388,11.8175,13.543,0.4907,-33.5812,45.4663,0.54,165,-45.1094,7.416,1.0857,N,3.76,50.3,Y,N,NA,NA,NA,NA,NA,NA,none,N,Y,-67.05416957,NA,NA,0.394863828,0.196280488,NA,NA,NA,NA,NA,-0.423174398,0.153332282,NA,NA,NA,NA,NA
739_S2C3,,739,l2,l2_sc,-66.9283,47.37,69.5195,4.2205,4.40772,7.00634,5.97138,0.508335,-44.6288,40.4163,0.44,174.375,-57.5438,10.6667,2.4788,N,3.76,231.1,Axonal,Y,8.51,0,Y,-1.87,0.077,N,epsp,N,Y,-67.847465,0.622240925,0.327054017,0.8551284,0.282876876,NA,NA,NA,NA,NA,-0.5542485,0.181079037,NA,NA,1,0.606742171,NA
745_S2C1,,745,l2,l2_sc,-73.9221,131.301,169.599,18.5073,14.7038,20.8513,40.7984,0.873413,-41.4056,55.5913,0.62,94.375,-56.475,1,1,Y,3.6,210.715,Y,N,NA,NA,NA,NA,NA,NA,none,N,Y,-75.94845,NA,NA,0.43601752,0.193796193,NA,NA,NA,NA,NA,-0.45660782,0.153446459,NA,NA,NA,NA,NA
745_S4C1,,745,l2,l2_sc,-62.8177,22.5027,25.7376,5.29821,4.1675,5.26257,4.83511,0.679936,NA,NA,NA,NA,NA,5,25.9947,Y,3.28,414.8,Axonal,N,NA,NA,NA,NA,NA,NA,none,N,Y,-66.29419333,NA,NA,0.3828386,0.150087816,NA,NA,NA,NA,NA,-0.39914,0.079014566,NA,NA,NA,NA,NA
776_S2C1,,776,l2,l2_sc,-58.4247,79.266,194.697,12.2606,15.5899,28.061,23.0885,0.484195,-36.4562,52.045,0.64,63.75,-53.9656,NA,NA,Y,3.96,27.8,Y,Y,2.62,0.01365,Y,NA,NA,NA,epsp,N,Y,-55.39256875,0.243040097,0.525728859,0.702824375,0.541968587,NA,NA,NA,NA,NA,-0.773933163,0.492944912,NA,NA,1,0.475924014,NA
776_S3C1,,776,l2,l2_sc,-57.8404,38.7682,61.6843,8.46501,8.76648,16.3583,13.0893,0.613468,-40.3456,56.3494,0.51,120,-56.2969,7.8333,2.04,Y,3.6,633.6,Y,Y,20.6,0,Y,-8.89,0,Y,ap,Y,N,-62.849176,2.587285794,0.887325165,2.76692854,0.849735159,5.548489796,1.254243815,14.45680853,-0.288615942,0.229639556,-0.61907068,0.168831045,NA,NA,0.899643323,0.817167507,NA
778_S1C1_J,,778,l2,l2_sc,-65.3743,53.8403,68.0739,13.795,13.3943,25.0627,16.7269,0.563696,NA,NA,NA,NA,NA,NA,NA,Y,4.12,39.4,Y,Y,6.7,0,Y,-19.3,0,Y,biphasic,Y,Y,-67.499774,0.147082579,0.154813178,0.279397777,0.170707168,NA,NA,NA,-1.79762878,0.657911707,-1.95341452,0.672372466,5.62324,33.193572,0.075632087,0.125132676,NA
778_S2C1_J,,778,l2,l2_sc,-66.6429,35.5515,39.1893,5.24318,7.24875,6.89719,8.53531,0.539763,NA,NA,NA,NA,NA,NA,NA,Y,2.96,243.8,Axonal,Y,7.03,0,Y,-1.29,0.21372,N,epsp,N,Y,-67.116584,0.423674632,0.202377036,0.6063087,0.186216755,NA,NA,NA,NA,NA,-0.4506919,0.109105988,NA,NA,1,0.573612446,NA
778_S2C1,,778,l2,l2_sc,-64.6344,64.827,78.9759,18.6507,15.1953,28.4782,21.6177,0.705411,-41.3219,36.3463,0.52,157.5,-58.025,4.6667,1.0924,Y,4.44,278.9,Y,Y,46.4,0,Y,-23.7,0,Y,biphasic,Y,Y,-64.675762,9.1054426,1.386639492,9.3098238,1.37087511,2.57028,0.15016889,33.9792,-0.66952552,0.199604037,-1.08192678,0.155518011,NA,NA,0.931506117,0.895885994,NA
811_S3C1,,811,l2,l2_sc,-70.6272,40.1235,46.7837,12.0346,16.0703,17.0404,19.6331,0.630958,-43.2831,45.9206,0.6,266.25,-59.4125,18.9417,33.4362,Y,3.44,904.113,Axonal,Y,14,0,Y,-5.45,0,Y,biphasic,Y,Y,-71.43916667,0.798007441,0.355960467,1.102315564,0.31640183,NA,NA,NA,-0.157418448,0.180394591,-0.705938564,0.547009239,NA,NA,0.835237406,0.609602128,NA
811_S6C1,,811,l2,l2_sc,-64.3963,76.0527,89.1301,20.1239,18.3231,35.2113,39.2988,0.790273,-42.105,44.0031,0.5,92.5,-61.3719,5.0333,11.9068,N,4.72,116.036,Axonal,N,NA,NA,NA,NA,NA,NA,none,N,Y,-68.044464,NA,NA,0.784530198,0.661997919,NA,NA,NA,NA,NA,-0.90809268,0.518489694,NA,NA,NA,NA,NA
865_S3C1_J,,865,l2,l2_sc,-63.9746,38.1442,47.5409,4.89719,6.17208,8.10505,8.27269,0.513755,-39.8,39.6812,0.46,161.875,-56.3438,8.1667,2.3984,N,NA,NA,NA,Y,3.05,0.00667,Y,-4.7,0.00017,Y,biphasic,Y,Y,-66.188785,0.199725591,0.293378651,0.532538,0.27280835,NA,NA,NA,-0.209872635,0.201205414,-0.62214945,0.162494172,NA,NA,0.487613418,0.461196664,NA
896_S1C1_J,,896,l2,l2_sc,-60.9497,90.7539,86.0919,8.64592,10.3784,12.4083,23.6336,0.673823,-37.7169,41.55,0.57,126.875,-51.3938,4,1.1597,Y,2.8,33.5,Axonal,Y,60.4,0,Y,-26.7,0,Y,biphasic,Y,Y,-62.777106,12.406688,1.4516208,13.0066054,1.573354448,3.15728,0.414303105,41.348894,-3.120187,0.825670665,-3.64202,0.756780948,81.62646,63.133174,0.799046041,0.781242,NA
907_S2C1_J,,907,l2,l2_sc,-66.0604,40.647,45.6944,13.5883,12.0882,12.2231,13.4429,0.708021,-38.965,46.68,0.33,310,-53.6688,1.5833,1.2811,N,NA,NA,NA,N,NA,NA,NA,NA,NA,NA,none,N,Y,-69.601455,NA,NA,0.358014405,0.140918574,NA,NA,NA,NA,NA,-0.38362535,0.121862355,NA,NA,NA,NA,NA
918_S3C1_J,,918,l2,l2_sc,-63.7066,55.5511,70.7868,7.76311,9.05497,14.1897,9.56067,0.69655,-40.66,36.755,0.45,141.25,-53,5.15,1.2485,Y,4.12,34.502,Y,Y,9.3,0,Y,NA,NA,NA,epsp,N,Y,-67.75183,0.44470988,0.301948326,0.664877825,0.356893231,NA,NA,NA,NA,NA,-0.3631692,0.12697261,NA,NA,1,0.646738728,NA
918_S1C1_J,,918,l2,l2_sc,-76.0379,39.6379,45.1843,5.00409,2.20414,8.00784,7.01671,0.96154,-41.745,33.415,0.45,338.125,-52.5344,12.65,1.4887,N,NA,NA,NA,N,NA,NA,NA,NA,NA,NA,none,N,Y,-68.77305,NA,NA,0.324815733,0.176728385,NA,NA,NA,NA,NA,-0.333204267,0.082744687,NA,NA,NA,NA,NA
918_S3C2_J,,918,l2,l2_sc,-65.9819,71.9011,82.7126,8.44423,7.64591,11.7801,11.5795,0.5943,-40.2731,40.0863,0.43,116.875,-51.5719,7.25,1.6743,Y,4.12,292.971,Y,N,NA,NA,NA,NA,NA,NA,none,N,Y,-66.42843,NA,NA,0.334449337,0.165003878,NA,NA,NA,NA,NA,-0.320941078,0.110507603,NA,NA,NA,NA,NA
921_S2C2_J,,921,l2,l2_sc,-64.3316,96.3703,192.651,18.2764,16.7809,50.1878,33.1995,0.639595,NA,NA,NA,NA,NA,NA,NA,N,3.96,65.239,Y,Y,5.5,0.00001,Y,-1.4,0.18614,N,epsp,N,Y,-65.04150385,0.300307469,0.279564337,0.622033885,0.250799606,NA,NA,NA,NA,NA,-0.67436064,0.349371594,NA,NA,1,0.479818352,NA
921_S1C1_J,,921,l2,l2_sc,-68.8511,33.832,38.3451,3.48995,1.86044,5.41485,4.57498,0.586553,-42.0375,29.8225,0.44,260,-53.6094,NA,NA,N,3.44,NA,N,N,NA,NA,NA,NA,NA,NA,none,N,Y,-69.51756667,NA,NA,0.460072467,0.191121317,NA,NA,NA,NA,NA,-0.378885803,0.142853548,NA,NA,NA,NA,NA
923_S5C1_J,,923,l2,l2_sc,-65.7487,42.4036,64.2097,5.86627,7.00975,7.27494,7.19616,0.48881,-33.9656,47.0344,0.43,255.625,-46.45,NA,NA,Y,3.96,29.26,Y,Y,12.5,0,Y,-5.5,0,Y,biphasic,Y,Y,-62.765954,0.531896898,0.300050754,0.69119454,0.270063396,NA,NA,NA,-0.128254835,0.165396503,-0.42649242,0.160152041,NA,NA,0.805719157,0.618415142,NA
923_S3C1_J,,923,l2,l2_sc,-66.8151,61.4187,72.1252,11.0346,10.3485,13.593,13.669,0.65147,-34.9819,51.2156,0.4,161.25,-48.1437,7,1.2246,N,3.6,62.583,Y,Y,20.3,0,Y,12.3,0,Y,biphasic,Y,Y,-63.4362775,1.4192007,0.439894852,1.5422177,0.430093969,3.343810811,0.567182796,14.02495676,-0.543664274,0.282097659,-0.733485725,0.25936596,NA,NA,0.723025128,0.67768835,NA
n_943_S1C1_J,,943,l2,l2_sc,-56.941,160.947,203.302,17.5073,19.363,20.9315,29.5901,0.847341,NA,NA,NA,NA,NA,NA,NA,N,3.6,NA,Y,Y,1.533676,0.13318,N,-4.423324,0.00008,Y,ipsp,N,Y,-64.914455,NA,NA,0.486327418,0.406517369,NA,NA,NA,-0.337623637,0.440627841,-0.94148465,0.359498026,NA,NA,0,0.340610245,NA
945_S2C1_J,,945,l2,l2_sc,-62.4904,66.1061,68.5324,16.11,13.2892,13.9471,11.5022,0.672423,NA,NA,NA,NA,NA,NA,NA,Y,3.6,319.513,Y,N,NA,NA,NA,NA,NA,NA,none,N,Y,-61.25717,NA,NA,0.26569243,0.206776063,NA,NA,NA,NA,NA,-0.391026423,0.156051998,NA,NA,NA,NA,NA
946_S1C1,,946,l2,l2_sc,-63.8335,70.8999,70.2671,14.9826,10.0828,12.795,15.6077,0.615856,-43.2994,44.7519,0.52,126.25,-57.8938,4.8333,1.5718,Y,3.44,334.326,Axonal,Y,18.99,0,Y,-17.8,0,Y,biphasic,Y,Y,-69.447372,0.822696184,0.306250853,1.1228718,0.310100824,NA,NA,NA,-0.483253386,0.192345085,-0.91344068,0.197163527,NA,NA,0.629960148,0.551424111,NA
946_S1C1_J,,946,l2,l2_sc,-69.1227,77.4012,90.8794,11.6544,11.7442,21.4081,13.3899,0.634466,-45.265,49.695,0.48,101.25,-66.1,5.025,9.6767,Y,4.12,429.453,N,Y,23.83,0,Y,-5.1,0,Y,biphasic,Y,Y,-71.0230425,4.917706,1.305367872,5.0736665,1.310637263,2.466894737,0.288118762,25.022,-0.366467926,0.450514071,-0.844771175,0.428249848,NA,NA,0.93064802,0.857264498,NA
946_S2C1_J,,946,l2,l2_sc,-69.6431,58.2735,69.7578,13.8938,11.2685,22.8972,17.0357,0.614439,-44.92,41.1938,0.48,150.625,-61.2688,7.933,12.6303,Y,3.6,298.312,Axonal,N,NA,NA,NA,NA,NA,NA,none,N,Y,-65.03723667,NA,NA,0.547039367,0.283454476,NA,NA,NA,NA,NA,-0.733794333,0.4923804,NA,NA,NA,NA,NA
n_949_S3C1_J,,949,l2,l2_sc,-69.9561,60.033,78.7085,8.66496,11.8458,12.5922,12.0245,0.631524,NA,NA,NA,NA,NA,NA,NA,Y,3.96,108.719,Y,Y,5.594647,0,Y,NA,NA,NA,epsp,N,Y,-70.24014,0.165230647,0.186063733,0.4838128,0.131554974,NA,NA,NA,NA,NA,-0.46845235,0.17893128,NA,NA,1,0.508065217,NA
n_950_S1C1,,950,l2,l2_sc,-69.2763,42.2636,50.5989,11.5901,11.806,11.8501,12.3849,0.492275,NA,NA,NA,NA,NA,NA,NA,N,NA,NA,NA,Y,9.912973,0,Y,5.969193,0,Y,biphasic,Y,Y,-68.3147075,0.361966932,0.230937764,0.573853275,0.188616266,NA,NA,NA,-0.134528617,0.144802781,-0.4666933,0.140550734,NA,NA,0.72904366,0.551492157,NA
955_S1C1,,955,l2,l2_sc,-69.1765,53.2127,65.5455,7.47732,11.1434,12.8308,7.69727,0.577164,-48.5388,40.0312,0.39,130,-67.2,9.5833,1.4127,Y,3.44,653,Axonal,Y,7.894,0,Y,-2.746,0.00847,Y,biphasic,Y,Y,-67.94812857,0.367495761,0.325874996,0.63505266,0.264652224,NA,NA,NA,-0.11912969,0.303723676,-0.53032294,0.145778673,NA,NA,0.755192233,0.544933891,NA
956_S3C2,,956,l2,l2_sc,-65.384,165.262,341.45,27.0747,28.0752,57.6304,35.7302,0.729671,-38.6163,48.5538,0.63,48.125,-54.9312,3.1667,1.2926,N,3.44,224.4,Axonal,Y,6.269,0,Y,NA,NA,NA,epsp,N,Y,-62.779556,0.716841331,0.808458043,1.04518013,0.77576874,NA,NA,NA,NA,NA,-0.491193994,0.266743515,NA,NA,1,0.680290115,NA
994_S3C1,,994,l2,l2_sc,-68.9852,34.8457,39.9355,6.53965,5.44321,8.1382,7.54512,0.616396,-40.4444,47.8431,0.46,308.125,-53.7812,8,1.5002,Y,3.76,730.5,Y,Y,12.12,0,Y,NA,NA,NA,epsp,N,Y,-67.399212,0.389565928,0.227349209,0.64133016,0.43749662,NA,NA,NA,NA,NA,-0.404106734,0.261819332,NA,NA,1,0.613456598,NA
994_S4C1,,994,l2,l2_sc,-62.3918,32.9444,68.9527,16.7975,10.4297,13.659,14.88,0.562196,-36.6406,54.1388,0.48,155,-55.4188,6.0833,1.7004,Y,3.96,517.034,Y,Y,14.25,0,Y,NA,NA,NA,epsp,N,Y,-64.603456,1.003629704,0.463333848,1.27232624,0.569254154,6.266265306,16.67805018,4.906521478,NA,NA,-0.58461222,0.346447134,NA,NA,1,0.685174155,NA
1046_S1C2_J,,1046,l2,l2_sc,-68.559,54.6341,-54.6341,5.72458,7.96429,5.72458,7.96429,0.560747,-41.7037,38.0013,0.42,345,-57.8938,12.8417,220.121,N,2.8,NA,Axonal,Y,12.12,0,Y,-15.45,0,Y,biphasic,Y,Y,-69.46423,0.44633031,0.232811701,0.592052575,0.191585031,NA,NA,NA,-0.73308898,0.300170178,-0.96294815,0.236957698,NA,NA,0.378432262,0.380741028,NA
1046_S2C1_J,,1046,l2,l2_sc,-68.6624,61.8614,68.6743,9.97586,9.44018,12.5257,14.0166,0.668306,-40.55,39.3738,0.44,148.125,-55.9,6.6833,25.3197,Y,4.44,100.27,Y,Y,31.04,0,Y,-24.84,0,Y,biphasic,Y,Y,-65.2486975,5.00174325,1.019183211,5.14353675,1.000367083,2.623175,0.160020013,22.6104375,-1.277252025,0.32512911,-1.531619725,0.302076432,52.247975,60.155055,0.796583375,0.77054924,NA
1047_S2C2_J,,1047,l2,l2_sc,-68.4652,28.2188,29.6242,8.9566,7.18045,7.06035,5.03749,0.470054,-40.955,44.09,0.42,363.75,-58.2125,14.1333,16.0096,Y,2.96,250.305,Axonal,Y,11.07,0,Y,-5.203,0,Y,biphasic,Y,Y,-69.9091425,0.343415865,0.196255049,0.77977005,0.42319768,NA,NA,NA,-0.065988706,0.080213138,-0.89366715,0.565334477,NA,NA,0.838817857,0.465969114,NA
1047_S1C1_J,,1047,l2,l2_sc,-73.2525,98.0684,102.504,16.5608,15.5617,16.665,24.2725,0.730373,-39.6162,53.0688,0.56,161.25,-56.125,14.875,17,Y,4.44,238.35,Axonal,Y,46.4,0,Y,NA,NA,NA,epsp,N,Y,-74.802915,9.021856,1.229710975,9.30963125,1.272386585,3.397325,0.294514236,34.8721625,NA,NA,-0.208109291,0.245743989,NA,NA,1,0.978134591,NA
1047_S2C1_J,,1047,l2,l2_sc,-67.4737,31.0392,33.0572,5.98888,4.17659,7.48462,10.2967,0.575952,-40.11,44.3525,0.44,300,-57.4625,5.8083,38.2944,Y,2.96,250.305,Axonal,N,NA,NA,NA,NA,NA,NA,none,N,Y,-61.1941125,NA,NA,1.0345839,0.753141662,NA,NA,NA,NA,NA,-1.760727755,1.11928402,NA,NA,NA,NA,NA
1049_S2C1,,1049,l2,l2_sc,-67.3681,162.837,277.857,39.3684,14.6097,36.6696,16.5189,0.943246,-36.6469,50.2931,0.45,66.875,-54.4719,7.9,148.9937,N,4.44,NA,Axonal,Y,6.19,0,Y,NA,NA,NA,epsp,N,Y,-66.68158,0.50660585,0.578314924,1.0848349,0.863674058,NA,NA,NA,NA,NA,-0.70803954,0.240683276,NA,NA,1,0.605081358,NA
1049_S3C1_J,,1049,l2,l2_sc,-59.6551,111.62,174.2,12.7004,14.7546,27.285,26.3482,0.623522,-39.3987,23.5988,0.52,63.125,-52.675,10.04§7,11.6492,Y,4.12,37.904,Axonal,N,NA,NA,NA,NA,NA,NA,none,N,Y,-60.800565,NA,NA,0.434940875,0.154498673,NA,NA,NA,NA,NA,-0.61412195,0.112223133,NA,NA,NA,NA,NA
1082_S1C1,,1082,l2,l2_sc,-72.3839,31.895,34.9912,5.32686,10.8823,11.9397,8.30063,0.628439,-46.7938,44.7831,0.44,302.5,-58.8938,1,1,Y,2.96,1204.509,Axonal,Y,6.59,0,Y,-6.89,0,Y,biphasic,Y,Y,-69.806072,0.217761369,0.233621262,0.567382644,0.243744318,NA,NA,NA,-0.21023562,0.215722357,-0.60217878,0.173365362,NA,NA,0.508791825,0.48512428,NA
1092_S2C1_J,,1092,l2,l2_sc,-66.6243,40.6193,42.1698,6.28558,8.62101,10.3926,5.65615,0.5863,-41.3488,43.3163,0.41,210,-58.6375,10.75,1.6178,Y,3.96,194.088,Y,Y,2.939546,0.0055,Y,-15.628,0,Y,biphasic,Y,Y,-67.8511975,0.059484076,0.127982467,0.284491501,0.340698407,NA,NA,NA,-0.929474425,0.215722357,-1.1784762,0.173365362,NA,NA,0.060148202,0.194461915,NA
1092_S3C1,,1092,l2,l2_sc,-65.7023,60.3622,99.3654,9.44217,12.5976,15.5144,17.8187,0.446583,-39.7812,38.1,0.47,81.875,-59.1875,6.4167,2.0347,Y,3.76,46.414,Y,Y,14.472,0,Y,-12.8911,0,Y,biphasic,Y,Y,-58.183,0.932024074,0.45538373,1.12130964,0.454819728,NA,NA,NA,-1.13499954,0.62257348,-1.46681578,0.542634671,27.03016667,0.347980611,0.450901513,0.433251662,NA
1092_S1C1_J,,1092,l2,l2_sc,-73.9742,300.128,-122.555,20.9325,20.9744,23.2623,27.7073,0.876923,-46.4338,50.0538,0.62,55,-66.3937,1.75,1.0142,N,4.12,32.101,Axonal,Y,24.742,0,Y,-436842,0.00009,Y,biphasic,Y,Y,-76.8278875,11.50371125,2.940491734,11.753826,2.946781895,2.344925,0.154247451,37.1898575,-0.23196198,0.215722357,-0.6061743,0.173365362,NA,NA,0.980234455,0.950956773,NA
1093_S3C2,,1093,l2,l2_sc,-62.005,35.1786,36.4301,10.2239,11.3905,11.2939,15.4582,0.60038,-41.975,44.0688,0.51,195,-58.0938,6.75,1.7567,Y,2.96,402.292,Axonal,Y,4.27762,0.00009,Y,NA,NA,NA,epsp,N,Y,-61.217622,0.127262182,0.210386811,0.5213694,0.190570372,NA,NA,NA,NA,NA,-0.53175573,0.437924076,NA,NA,1,0.495068805,NA
1093_S1C1,,1093,l2,l2_sc,-68.0367,42.1804,61.9006,10.3208,7.25562,11.8738,16.4571,0.700436,-43.9813,46.75,0.66,173.125,-56.625,1.0833,1.0075,Y,3.6,397.558,Y,Y,4.496935,0.00004,Y,NA,NA,NA,epsp,N,Y,-69.07176,0.158783906,0.249674893,0.55801018,0.230006523,NA,NA,NA,NA,NA,-0.466989896,0.215439316,NA,NA,1,0.544400135,NA
1093_S1C1_J,,1093,l2,l2_sc,-62.7875,65.8256,99.9715,13.3549,17.237,50.918,24.8015,0.650414,-43.4038,43.4587,0.52,78.125,-62.5375,5.667,1.3013,Y,2.8,191.99,Axonal,Y,6.129212,0,Y,-1.66509,0.10391,N,epsp,N,Y,-62.313955,0.318663355,0.328819427,0.73598515,0.313291582,NA,NA,NA,NA,NA,-0.63589026,0.254065384,NA,NA,1,0.536481042,NA
1093_S3C3,,1093,l2,l2_sc,-61.3731,32.1636,31.1701,11.4736,12.0594,11.4187,13.7744,0.622063,-38.2875,44.3625,0.51,192.5,-56.8125,6833,1.874,Y,2.96,132.591,Axonal,Y,16.58,0,Y,-6.756347,0,Y,biphasic,Y,Y,-61.9245025,0.591693175,0.225709526,0.902630475,0.192348599,NA,NA,NA,-0.134422952,0.125832107,-0.530963,0.118672095,NA,NA,0.81487403,0.629627918,NA
1107_S1C1_J,,1107,l2,l2_sc,-70.2216,59.7977,67.1347,15.9781,12.4813,13.7521,16.8746,0.631552,-47.2663,53.9688,0.5,160,-62.925,6.8333,1.5579,Y,4.12,NA,Y,Y,17.186417,0,Y,10.361311,0,Y,biphasic,Y,Y,-69.16563,1.953133925,0.718748042,2.09859545,0.697921877,3.232125,0.474074277,22.927575,-0.24717084,0.150873348,-0.503436125,0.180840606,NA,NA,0.88766518,0.8065219,NA
1136_S1C1_J,,1136,l2,l2_sc,-69.8948,37.163,42.1789,12.0562,8.22804,7.40185,6.15748,0.631843,-42.3513,42.4363,0.42,313.125,-58.5438,8.58333,1.5165,Y,2.68,144.794,Axonal,Y,4.8747,0.00002,Y,NA,NA,NA,epsp,N,Y,-70.5065,0.122790253,0.159309553,0.4725901,0.290665393,NA,NA,NA,NA,NA,-0.43725435,0.331260043,NA,NA,1,0.519418567,NA
1136_S2C1,,1136,l2,l2_sc,-63.4684,67.4273,76.9421,15.1038,22.9694,12.7304,21.4146,0.528231,-36.4062,52.5812,0.66,165,-53.8438,4.667,1.3279,Y,3.6,225.589,Axonal,Y,6.5043,0,Y,-30.248,0,Y,biphasic,Y,Y,-63.920864,0.202326559,0.219956338,0.391492594,0.229869074,NA,NA,NA,-1.7141623,0.400709162,-1.95163156,0.399261289,5.75774,21.0999532,0.105571477,0.167081455,NA
1136_S3C1,,1136,l2,l2_sc,-56.3229,156.02,145.127,15.8931,12.8662,359.82,12.5748,0.636861,-39.2313,49.5438,0.65,20,57.25,NA,NA,N,4.72,49.137,Axonal,Y,3.608349,0.00134,Y,NA,NA,NA,epsp,N,Y,-54.06760769,0.8546378,1.207703346,1.342846973,1.345327123,NA,NA,NA,NA,NA,-0.729268423,0.622011184,NA,NA,1,0.648056076,NA
1136_S3C2,,1136,l2,l2_sc,-51.5212,204.149,153.734,29.0923,26.3038,18.5829,33.3002,0.881218,NA,NA,NA,NA,NA,NA,NA,Y,4.72,267.81,Axonal,Y,19.57743,0,Y,-2.78,0.00769,Y,biphasic,Y,Y,-52.23458,1.18716544,0.428785976,1.59582674,0.495473955,9.517234043,3.870850717,15.48745313,-0.172447166,0.438585706,-0.9147983,0.623976841,NA,NA,0.873164484,0.635629261,NA
1136_S3C2_J,,1136,l2,l2_sc,-60.2826,72.3156,140.381,11.9071,11.7838,16.0368,15.1342,0.609377,-40.8962,47.095,0.4,75,-55.7625,8.1667,1.4069,Y,4.12,159.97,Y,Y,27.028029,0,Y,-12.71,0,Y,biphasic,Y,Y,-60.6650125,3.69432425,0.864471391,3.880174,0.855283934,3.374205128,0.421383634,22.20352051,-0.956583913,0.475975146,-1.358264525,0.610644379,NA,NA,0.794323199,0.740711947,NA
1136_S1C1,,1136,l2,l2_sc,-67.3315,73.189,82.6399,10.4647,9.18539,13.7239,12.1919,0.617791,-34.6375,46.625,0.64,170,-46.2812,7,1.5684,Y,4.12,47.337,Axonal,N,NA,NA,NA,NA,NA,NA,none,N,Y,-68.609588,NA,NA,0.508340933,0.203857215,NA,NA,NA,NA,NA,-0.516659,0.147833748,NA,NA,NA,NA,NA
1137_S3C2,,1137,l2,l2_sc,-61.0944,73.7,54.0879,11.7402,10.433,11.2897,14.4494,0.547332,-42.2188,46.2375,0.55,133.125,-59.5,5.9167,1.1896,Y,3.44,174.624,Y ,Y,5.039645,0,Y,-78.434,0,Y,biphasic,Y,Y,-64.79537347,0.170070252,0.236225314,0.366802563,0.243205454,NA,NA,NA,-4.658525306,0.415759875,-4.858324694,0.410001464,4.756673469,28.10716939,0.035221474,0.070199738,NA
1137_S1C1,,1137,l2,l2_sc,-65.4664,140.774,132.445,32.9414,27.8797,27.6836,50.5344,0.740028,-41.3563,58.875,0.6,83.125,-53.7812,1.083,1.051,Y,4.28,136.035,Y,Y,110.991,0,Y,-11.051871,0,Y,biphasic,Y,Y,-68.81793,13.52533,0.86167675,13.92043,0.901118174,2.4119,0.136115235,45.743478,-1.47778922,0.94550038,-1.80145028,0.936127304,119.07796,88.437482,0.901501201,0.885417631,NA
1139_S1C1,,1139,l2,l2_sc,-65.8299,80.7064,101.982,18.3611,15.4236,25.3589,26.607,0.636799,-38.1313,56.6812,0.54,120,-59.5938,4.8333,1.332,Y,3.96,405.645,Y,Y,8.392658,0,Y,-18.3676,0,Y,biphasic,Y,Y,-65.516884,0.346199865,0.291683827,0.67125952,0.565583082,NA,NA,NA,-0.820853752,0.316007695,-1.26436556,0.260488352,NA,NA,0.296644353,0.346792117,NA
1139_S2C2_J,,1139,l2,l2_sc,-63.8184,88.8905,113.612,29.2949,16.0438,23.2799,38.5277,0.72238,-44.8912,48.9163,0.39,87.5,-58.2125,5.0833,1.2577,Y,2.96,220.81,Axonal,Y,28.024,0,Y,-4.779,0.00003,Y,biphasic,Y,Y,-64.5549775,5.0338425,1.13605448,5.20887975,1.168444533,2.40705,0.224513257,27.65501,-0.196373597,0.259828692,-0.518776915,0.235952415,NA,NA,0.962454018,0.909425976,NA
1139_S3C1_J,,1139,l2,l2_sc,-71.9889,79.4369,80.1815,14.9378,25.3476,24.9601,38.9061,0.693605,-49.5063,48.5,0.45,116.25,-64.5813,1.5833,1.2974,Y,4.28,202.861,Y ,Y,49.4704,0,Y,-4.215553,0.00014,Y,biphasic,Y,Y,-73.417615,9.62433525,1.230424951,10.03245225,1.32922362,2.245,0.177408522,48.30169737,-0.237791238,0.356756014,-0.689732575,0.354645182,NA,NA,0.975888442,0.935672385,NA
1139_S2C1,,1139,l2,l2_sc,-65.8041,86.062,114.717,7.45282,11.8978,10.7655,13.8311,0.795417,-26.1,35.7875,0.64,206.875,-34.3438,6.9167,1.2263,N,NA,NA,NA,N,NA,NA,NA,NA,NA,NA,none,N,Y,-65.8041,NA,NA,0.74035622,0.309003976,NA,NA,NA,NA,NA,-0.70964358,0.124120026,NA,NA,NA,NA,NA
1139_S1C3_J,,1139,l2,l2_sc,-68.1286,75.4562,73.7255,29.0638,10.0496,13.9348,16.4311,0.476707,-41.3538,44.2175,0.5,135.625,-56.2062,8.1667,1.0326,N,NA,NA,NA,N,NA,NA,NA,NA,NA,NA,none,N,Y,-65.39187667,NA,NA,0.465631767,0.763017438,NA,NA,NA,NA,NA,-0.674785533,0.76503656,NA,NA,NA,NA,NA
1221_S1C1,,1221,l2,l2_sc,-60.3805,47.3001,72.6504,13.4172,13.1844,17.7389,19.5336,0.657041,-41.2656,52.795,0.5,100.625,-60.5094,1,1,Y,3.96,652.37,N,Y,29.106824,0,Y,-6.293687,0,Y,biphasic,Y,Y,-58.573084,4.0732186,0.989527588,4.4763938,1.001449337,2.3592,0.230766779,25.192686,-0.252019575,0.283148401,-0.590355276,0.246881304,NA,NA,0.941732787,0.883484406,NA
1221_S1C2,,1221,l2,l2_sc,-62.6692,64.5318,84.6,34.5438,13.8836,17.8012,53.6981,0.669501,-41.6125,49.6594,0.53,115,-56.3969,1,1,N,3.96,408.137,N,Y,8.3698,0,Y,NA,NA,NA,epsp,N,Y,-64.063812,0.332200502,0.280651275,0.73100462,0.516561709,NA,NA,NA,NA,NA,-0.5512463,0.375132714,NA,NA,1,0.57009483,NA
1221_S3C1,,1221,l2,l2_sc,-63.9272,172.779,214.033,17.7508,18.6426,23.1861,26.3124,0.84751,-37.7,46.2681,0.54,76.25,-56.75,2.3333,1.288,Y,4.72,78.321,N,Y,3.277743,0.02136,Y,NA,NA,NA,epsp,N,Y,-65.27167,0.249793527,0.74285028,1.101605696,0.874996797,NA,NA,NA,NA,NA,-0.928956816,0.596650478,NA,NA,1,0.542512574,NA
1221_S1C1_J,,1221,l2,l2_sc,-65.7561,30.5195,33.9825,6.34583,6.46954,9.30656,8.09588,0.528988,-41.8706,42.6719,0.42,252.5,-58.7313,9.8333,1.8242,N,NA,NA,NA,Y,7.4026,0,Y,-3.256199,0.00234,Y,biphasic,Y,Y,-66.5502075,0.34028286,0.290726123,0.5823916,0.238324799,NA,NA,NA,-0.055014784,0.106855888,-0.36393625,0.08023342,NA,NA,0.860826937,0.615422657,NA
1221_S2C1_J,,1221,l2,l2_sc,-65.7451,47.5481,50.1078,6.14103,6.9545,7.36092,7.39601,0.650642,-43.7388,41.2706,0.36,175,-58.3719,11.5,1.7693,N,NA,NA,NA,Y,5.731322,0,Y,NA,NA,NA,epsp,N,Y,-66.147155,0.118666815,0.130949688,0.3546519,0.119711674,NA,NA,NA,NA,NA,-0.339722525,0.071067609,NA,NA,1,0.510750234,NA
1221_S2C2_J,,1221,l2,l2_sc,-63.808,58.5569,81.5491,11.6975,12.9965,14.3456,19.9331,0.597226,-40.2638,48.0544,0.46,120,-60.5,7.3333,1.6318,N,NA,NA,NA,Y,11.25426,0,Y,-4.5424,0.00005,Y,biphasic,Y,Y,-63.39571,0.607474638,0.341382472,0.760793075,0.320358709,NA,NA,NA,-0.101870512,0.141837778,-0.353971925,0.086957807,NA,NA,0.856387949,0.682469467,NA
1221_S3C2_J,,1221,l2,l2_sc,-67.475,74.6494,89.4728,10.5647,12.264,14.237,18.1412,0.626108,-32.3388,40.3613,0.43,129.375,-53.55,7.3333,1.6178,N,NA,NA,NA,Y,8.963294,0,Y,NA,NA,NA,epsp,N,Y,-65.044465,0.337599922,0.238212592,0.53353105,0.20706274,NA,NA,NA,NA,NA,-0.32568855,0.103394826,NA,NA,1,0.620948416,NA
1237_S2C1,,1237,l2,l2_sc,-64.5688,42.879,42.1679,10.3784,8.53334,11.6653,10.2298,0.635957,-40.4237,51.7369,0.5,225,-56.4688,7.0833,1.4553,Y,3.76,440.733,Y,Y,NA,NA,NA,-4.7888,0.00002,Y,ipsp,N,Y,-65.68218,NA,NA,0.36768278,0.15905943,NA,NA,NA,-0.077180671,0.113962027,-0.39556706,0.071764286,NA,NA,0,0.48173319,NA
1237_S2C2,,1237,l2,l2_sc,-67.1998,38.3102,44.4725,7.14612,6.71612,8.92379,9.99524,0.630669,-40.4463,48.1869,0.41,251.875,-56.2,7.8333,1.5387,Y,3.76,331.199,Y,Y,17.271,0,Y,-7.664,0,Y,biphasic,Y,Y,-68.339674,0.73000188,0.298882402,0.89648998,0.290184886,NA,NA,NA,-0.150971141,0.139286646,-0.40238522,0.121240852,NA,NA,0.828631368,0.690204863,NA
1237_S3C1,,1237,l2,l2_sc,-58.5876,55.5769,78.3279,14.972,16.5682,17.483,26.3952,0.647348,-36.75,56.7519,0.5,123.75,-52.1813,6,1.4502,Y,3.96,357.279,Axonal,Y,16.622585,0,Y,NA,NA,NA,epsp,N,Y,-58.726986,0.675823354,0.287487951,0.91691824,0.278802166,NA,NA,NA,NA,NA,-0.5134562,0.273079217,NA,NA,1,0.641033714,NA
1237_S1C2_J,,1237,l2,l2_sc,-66.497,67.5926,63.6232,6.41663,6.48252,7.91584,9.60058,0.435713,-38.4263,37.0025,0.4,146.875,-53.85,9,1.8281,N,3.28,20.882,Y,Y,NA,NA,NA,-6.502911,0,Y,ipsp,N,Y,-63.7448925,NA,NA,0.375983625,0.280450766,NA,NA,NA,-0.353428935,0.343735421,-0.564016775,0.274461093,NA,NA,0,0.39998241,NA
1237_S2C2_J,,1237,l2,l2_sc,-61.3712,30.4177,49.8378,7.30254,8.38747,7.44475,9.22243,0.512529,-39.1694,46.4031,0.4,167.5,-56.2313,9.9167,1.3719,Y,3.96,74.072,Y,Y,9.32,0,Y,-8.28066,0,Y,biphasic,Y,Y,-63.92285897,0.304826141,0.204228776,0.469092449,0.228468876,NA,NA,NA,-0.20688397,0.156024992,-0.554784359,0.133965457,NA,NA,0.595700836,0.458153213,NA
1241_S2C1,,1241,l2,l2_sc,-61.5408,35.0013,50.3945,4.05434,5.86862,6.63641,6.67802,0.601976,-39.0056,41.7781,0.48,203.75,-51.7094,10,1.7941,N,NA,NA,NA,Y,3.40463,0.00133,Y,NA,NA,NA,epsp,N,Y,-63.668922,0.083415866,0.173245883,0.4213651,0.131123452,NA,NA,NA,NA,NA,-0.41300966,0.084484026,NA,NA,1,0.505007007,NA
1241_S2C2,,1241,l2,l2_sc,-67.5143,41.2256,33.2734,5.04683,6.70154,6.94199,8.51882,0.695791,-49.0069,47.8438,0.47,338.75,-62.7406,1.0833,1.0678,N,NA,NA,NA,Y,37.334892,0,Y,-3.76226,0.00045,Y,biphasic,Y,Y,-69.550122,3.4818,0.659437931,3.6346814,0.655499187,2.448326531,0.369725483,14.54937551,-0.112625157,0.211676004,-0.45056882,0.111411959,NA,NA,0.968666712,0.889708391,NA
1241_S2C1_J,,1241,l2,l2_sc,-66.539,73.2052,65.1129,12.5081,11.0481,12.9736,15.372,0.799744,-43.9744,48.8,0.45,150,-59.2844,1.667,1.0897,Y,4.12,394.173,Y,Y,14.4154,0,Y,-6.9555,0,Y,biphasic,Y,Y,-70.8135175,0.664400625,0.291496435,0.791406225,0.312043346,NA,NA,NA,-0.272102382,0.247418175,-0.512969625,0.17378945,NA,NA,0.70944847,0.606731737,NA
1241_S3C1_J,,1241,l2,l2_sc,-68.9934,93.7338,122.41,15.5946,14.6633,17.8866,18.1218,0.772831,-39.3406,51.9281,0.45,105,-55.1,3,1.1925,Y,4.44,200.623,Axonal,Y,10.4483,0,Y,NA,NA,NA,epsp,N,Y,-67.41652,0.760475383,0.460325891,1.008938725,0.434346467,NA,NA,NA,NA,NA,-0.364576918,0.233765866,NA,NA,1,0.734566607,NA
1242_S3C1,,1242,l2,l2_sc,-59.5843,131.034,174.358,18.984,17.926,24.2361,21.3455,0.71375,-38.3619,46.0069,0.64,51.25,-52.0625,4.1667,1.0933,N,4.44,154.003,N,N,NA,NA,NA,NA,NA,NA,none,N,Y,-58.523752,NA,NA,0.491445932,0.381422867,NA,NA,NA,NA,NA,-0.49086655,0.205008988,NA,NA,NA,NA,NA
1309_S1C2,,1309,l2,l2_sc,-67.4261,33.3467,29.4055,3.79515,6.39451,5.78024,6.24975,0.605346,-43.7437,45.8312,0.44,297.5,-60.2813,8.75,1.0224,N,3.12,NA,Y,Y,13.098606,0,Y,-6.829171,0,Y,biphasic,Y,Y,-67.09965,0.701831333,0.293473109,0.842357063,0.29410992,NA,NA,NA,-0.32371398,0.259629552,-0.593059323,0.23673067,NA,NA,0.684349413,0.586838127,NA
1309_S4C1,,1309,l2,l2_sc,-63.0408,41.1177,57.1885,13.0054,9.5516,11.8626,10.5757,0.575631,-39.625,42.4937,0.56,102.5,-52.0313,4.8,1.1731,Y,3.6,170.408,Y,Y,0.477883,0.318364,N,-6.818111,0,Y,ipsp,N,Y,-56.62212593,0.10348925,1.125268039,0.402210941,1.087639274,NA,NA,NA,-1.613000593,1.229284229,-2.251724296,1.02095957,23.59742105,35.39376789,0.06029121,0.151552659,NA
1312_S1C2,,1312,l2,l2_sc,-67.7164,31.3498,37.375,9.84325,9.90091,14.3823,12.4349,0.551948,-31.5938,61.275,0.47,270,-48.5625,7.9,1.2585,N,3.28,NA,N,N,NA,NA,NA,NA,NA,NA,none,N,Y,-66.499474,NA,NA,0.40572551,0.190152421,NA,NA,NA,NA,NA,-0.344274395,0.127623246,NA,NA,NA,NA,NA
1354_S4C1,,1354,l2,l2_sc,-57.9094,65.6898,60.4582,12.8738,12.0443,12.0581,14.2513,0.547466,-33.6375,51.8125,0.45,130,-49.5313,6.7,1.839,Y,4.12,89.486,Y,Y,17.1938,0,Y,-28.694195,0,Y,biphasic,Y,Y,-54.84545333,1.1170763,0.355852371,1.291283,0.384479061,2.20192,0.348278256,2.57088788,-2.117050667,0.404108364,-2.357674667,0.377316001,7.748566667,26.6794,0.345402735,0.353877221,NA
1355_S3C1,,1355,l2,l2_sc,-69.0393,48.7745,59.8193,10.162,9.61336,11.6393,10.2996,0.752383,-44.625,52.975,0.48,162.5,-59.875,1,1,Y,3.76,303.901,Y,Y,108.030323,0,Y,-33.83304,0,Y,biphasic,Y,Y,-68.71790667,21.69776667,1.100094489,22.01164667,1.087266739,1.4968,0.06780774,25.98146333,-1.314490933,0.212802734,-1.976892333,1.590279631,87.44233333,54.4451219,0.942878663,0.917590132,NA
1355_S2C1,,1355,l2,l2_sc,-65.2319,35.536,52.5295,7.59571,10.7324,26.7525,8.28153,0.547168,-41.0125,44.9063,0.47,170,-54.4063,7.75,1.9218,Y,3.44,244.117,Y,Y,25.23209,0,Y,-8.825085,0,Y,biphasic,Y,Y,-66.33364138,1.013960586,0.216404779,1.159075897,0.234228167,2.733961538,0.504556081,5.741316538,-0.310187497,0.189279857,-0.598467586,0.138528375,NA,NA,0.765745613,0.659486327,NA
1356_S2C1,,1356,l2,l2_sc,-59.5407,21.6802,34.1037,7.19456,6.91193,8.90934,8.68345,0.528066,-39.0125,47.6187,0.52,196.25,-50.5625,4.45,1.0749,Y,3.28,188.459,Y,N,NA,NA,NA,NA,NA,NA,none,N,Y,-62.59883,NA,NA,0.548826967,0.300717021,NA,NA,NA,NA,NA,-0.595964733,0.203248698,NA,NA,NA,NA,NA
1356_S4C1,,1356,l2,l2_sc,-61.7085,48.7046,62.4096,5.5689,10.0189,8.27925,7.34563,0.56141,-34.85,46.425,0.51,180.625,-50.0938,10.24,1.129,Y,3.44,163.219,Y,Y,1.9108,0.030945,Y,-15.1994,0,Y,biphasic,Y,Y,-61.385172,0.143630034,0.531514295,0.613927586,0.674002471,NA,NA,NA,-2.65488212,1.235098063,-2.90169642,1.203395125,4.776847826,19.8613713,0.051323713,0.174628341,NA
1356_S5C1,,1356,l2,l2_sc,-62.1957,54.7511,96.1812,7.47737,11.4013,16.4486,13.1377,0.556695,-39.9562,45.2563,0.49,102.5,-52.9688,8.05,1.7903,Y,3.96,74.088,Y,Y,24.687509,0,Y,-15.898668,0,Y,biphasic,Y,Y,-62.95454667,1.692486,0.375498704,1.8962066,0.363341672,3.127966667,0.47715128,15.92431667,-0.49704801,0.171237241,-0.827751967,0.135608097,NA,NA,0.772989135,0.696121675,NA
10221_S2C1_J,,10221,l2,l2_sc,-61.8649,131.222,216.99,15.6219,10.6468,13.7969,29.003,0.672391,NA,NA,NA,NA,NA,NA,NA,N,3.6,96.089,Axonal,Y,17.685249,0,Y,-13.6408,0,Y,biphasic,Y,Y,-63.1502825,3.14429615,1.126356698,3.31685215,1.16077094,2.286027027,0.121060244,3.159930863,-0.587720367,0.265445482,-1.4617423,0.976615939,NA,NA,0.842519355,0.694106224,NA
10221_S4C1_J,,10221,l2,l2_sc,-73.8346,24.8558,24.5733,6.42893,6.13291,5.75778,6.01196,0.560043,NA,NA,NA,NA,NA,NA,NA,Y,3.28,273.572,Axonal,N,NA,NA,NA,NA,NA,NA,none,N,Y,-77.5326025,NA,NA,0.431037418,0.480977596,NA,NA,NA,NA,NA,-0.6751349,0.605615611,NA,NA,NA,NA,NA
20221_S1C1_J,,20221,l2,l2_sc,-70.7437,46.1788,58.2449,9.79775,10.2422,12.0566,10.0805,0.688216,NA,NA,NA,NA,NA,NA,NA,Y,3.6,439.838,Axonal,Y,9.05562,0,Y,NA,NA,NA,epsp,N,Y,-73.2516575,0.353466665,0.248075884,0.573291075,0.227460622,NA,NA,NA,NA,NA,-0.391630625,0.081622159,NA,NA,1,0.594132223,NA
41019_S3C2_J,,41019,l2,l2_sc,-60.3496,100.522,96.1973,31.9172,19.6717,21.4652,42.7527,0.680379,NA,NA,NA,NA,NA,NA,NA,Y,3.76,577.289,Axonal,Y,11.773399,0,Y,-6.816185,0,Y,biphasic,Y,Y,-59.35546512,0.524076023,0.237001879,0.606634302,2.845913577,NA,NA,NA,-0.184153342,0.19523851,-0.553395242,0.420980651,NA,NA,0.739980646,0.522947286,NA
70120_S2C2_J,,70120,l2,l2_sc,-71.9951,30.9815,47.0273,5.92986,6.24104,12.4071,16.3963,0.623513,-45.3444,44.2275,0.47,253.75,-66.0063,5.5,1.4105,N,NA,NA,NA,Y,5.50036,0,Y,NA,NA,NA,epsp,N,Y,-71.553405,0.706587957,0.908364702,1.72054426,1.209631804,NA,NA,NA,NA,NA,-1.10551782,0.253462695,NA,NA,1,0.608813328,NA
180321_S1C1,,180321,l2,l2_sc,-67.2963,31.3169,39.8164,8.71317,14.0948,12.6558,12.2745,0.514767,-44.3256,46.3444,0.53,203.125,-63.2188,6.75,1.764,Y,3.76,363.75,Y,Y,9.494,0,Y,-5.391284,0,Y,biphasic,Y,Y,-73.00982333,0.540034867,0.311553514,0.7233688,0.393082404,NA,NA,NA,-0.222797592,0.226349192,-0.5920485,0.116571983,NA,NA,0.707933781,0.549915833,NA
180321_S2C1,,180321,l2,l2_sc,-70.9756,121.946,153.869,28.0531,35.6608,41.7245,14.2735,0.794403,-37.6594,55.26,0.55,101.875,-57.45,1.3333,1.0865,Y,3.96,359.759,Y,Y,10.0157,0,Y,-18.105,0,Y,biphasic,Y,Y,-70.07941,0.701396843,0.383567212,0.931390933,0.370800562,NA,NA,NA,-1.747334433,0.528610571,-2.093608333,0.421394272,49.39666667,109.3231367,0.286432754,0.307897904,NA
180321_S3C1,,180321,l2,l2_sc,-62.5784,123.285,176.574,25.7334,23.1622,31.481,55.5305,0.773339,-37.2013,47.6769,0.51,68.75,-52.7594,1.0833,1.0677,Y,4.44,138.376,Y,Y,7.557797,0,Y,-9.556439,0,Y,biphasic,Y,Y,-66.81318889,0.943142552,0.648431362,1.277765852,0.642971885,NA,NA,NA,-1.323617148,0.719695271,-1.67628437,0.735988125,54.52395652,65.63729101,0.416075225,0.432547098,NA
1803_S1C3_J,,180321,l2,l2_sc,-65.7208,25.1951,25.4856,9.45944,8.05453,9.72262,5.75762,0.561852,-40.9188,46.1719,0.43,338.75,-54.7,9.083,1.5756,Y,2.96,132.591,Axonal,Y,6.022971,0,Y,NA,NA,NA,epsp,N,Y,-67.14843,0.159963556,0.167973306,0.420309,0.191961263,NA,NA,NA,NA,NA,-0.311799525,0.056336486,NA,NA,1,0.574107507,NA
180321_S2C2_J,,180321,l2,l2_sc,-60.2674,33.4442,31.1845,6.26457,6.87615,7.23426,8.48479,0.555357,-42.7088,45.3119,0.51,275,-56.65,10.6667,2.0774,Y,3.76,319.334,Axonal,Y,36.4936,0,Y,-40.043,0,Y,biphasic,Y,Y,-62.9747,2.97616625,0.51578692,3.1558015,0.533821288,2.5037,0.150854013,10.9179665,-0.800419875,0.126421547,-1.012939725,0.140218374,NA,NA,0.788057296,0.757015447,NA
180321_S3C1_J,,180321,l2,l2_sc,-62.4199,20.5383,21.2273,4.43293,5.17,6.86376,5.90778,0.522767,-37.81,42.2413,0.44,356.875,-54.0844,10,1.9819,N,2.8,64.448,Axonal,Y,17.866275,0,Y,-8.999,0,Y,biphasic,Y,Y,-61.7861225,1.150567325,0.407294007,1.321351825,0.39057904,2.90485,0.42995334,9.548881825,-0.221445286,0.155630621,-0.46981985,0.119520532,NA,NA,0.838598214,0.737702501,NA
190321_S1C1,,190321,l2,l2_sc,-68.2369,35.5444,42.1432,10.8475,10.317,17.1763,16.0665,0.604844,-48.9738,48.5481,0.5,204.375,-62.5656,NA,NA,Y,3.28,568.561,Y,Y,9.975196,0,Y,-4.329987,0.0016,Y,biphasic,Y,Y,-81.98176,0.2844268,0.156174353,0.6179035,0.616071412,NA,NA,NA,-0.118846769,0.150335462,-0.4209506,0.09237695,NA,NA,0.705294921,0.59479334,NA
1091_S3C1,,1091,l3,l3_in,-69.9143,102.056,190.223,32.7834,29.3743,37.7175,16.3408,0.72625,-42.5625,56.2437,0.61,73.75,-57.75,1.0833,1.0099,Y,3.76,466.91,Y,N,NA,NA,NA,NA,NA,NA,none,N,Y,-69.215528,NA,NA,0.83427885,0.593105519,NA,NA,NA,NA,NA,-0.642596028,0.405291174,NA,NA,NA,NA,NA
1242_S1C3,,1242,l3,l3_in,-81.7021,101.131,198.737,3.07341,4.95341,6.68321,6.77796,0.903909,-38.2256,30.6787,0.25,174.375,-65.9062,1,1,N,4.12,56.102,N,N,NA,NA,NA,NA,NA,NA,none,N,Y,-79.92,NA,NA,2.758540264,3.398658367,NA,NA,NA,NA,NA,-1.000522632,0.519667388,NA,NA,NA,NA,NA
573_S2C1,,573,l3,l3_pc,-75.9163,85.6178,146.19,16.6406,16.6533,38.1977,25.874,0.831731,-36.3406,38.9981,0.68,135,-56.4625,1,1,Y,4.12,145.165,Y,Y,2.58922,0.01263,Y,-8.287316,0,Y,biphasic,Y,Y,-63.564486,0.156660884,0.405888197,0.456366396,0.422830059,NA,NA,NA,-0.417279513,0.356039482,-0.815009,0.270451486,NA,NA,0.272956713,0.358954875,NA
578_S1C1,,578,l3,l3_pc,-76.1571,72.1569,99.5208,13.4709,15.577,20.0301,22.0238,0.902709,-40.5625,50.2188,0.58,153.75,-57.4062,1,1,Y,4.12,421.509,Y,Y,17.976395,0,Y,NA,NA,NA,epsp,N,Y,-72.153534,1.8946656,0.745272274,2.1415727,0.62179985,2.43102381,0.762061885,29.53008119,NA,NA,-0.540302378,0.436321417,NA,NA,1,0.798535591,NA
578_S2C2,,578,l3,l3_pc,-72.1794,250.197,249.459,17.6027,16.4006,17.6108,17.5268,0.844889,-43.175,29.4187,0.74,48.125,-65.6875,2.9167,1.1195,Y,5.04,94.5,Axonal,N,NA,NA,NA,NA,NA,NA,none,N,Y,-61.48061935,NA,NA,0.452392721,1.245901802,NA,NA,NA,NA,NA,-1.367164129,1.227472169,NA,NA,NA,NA,NA
582_S3C2,,582,l3,l3_pc,-63.2311,128.123,234.032,8.98557,19.6986,17.9255,36.8376,0.70986,-40.5312,49.1562,0.45,71.875,-58.5938,4.667,1.8233,N,4.56,NA,NA,Y,4.771829,0.00002,Y,NA,NA,NA,epsp,N,Y,-60.435064,0.43533072,0.645088708,0.920062752,0.703119001,NA,NA,NA,NA,NA,-0.729312033,0.611828201,NA,NA,1,0.557825159,NA
582_S2C1,,582,l3,l3_pc,-67.5451,104.841,12.0868,29.402,43.9964,18.5636,42.1647,0.911947,-37.4562,41.3687,0.77,95,-54.8438,1,1,Y,4.12,NA,Axonal,Y,30.138063,0,Y,NA,NA,NA,epsp,N,Y,-63.919306,2.3549862,0.552532767,2.5743024,0.556765486,4.554644444,1.340483328,47.18118444,NA,NA,-0.323822624,0.315450767,NA,NA,1,0.888264785,NA
601_S2C1,,601,l3,l3_pc,-57.8397,204.18,309.844,24.9618,21.0334,32.1054,41.2773,0.835908,-32.55,56.0063,0.58,58.75,-50.1875,1,1,Y,4.56,28.856,Axonal,Y,3.989981,0.00036,Y,NA,NA,NA,epsp,N,Y,-57.8397,0.670497155,0.965346243,1.001214818,0.883244016,NA,NA,NA,NA,NA,-0.831171712,0.904667879,NA,NA,1,0.546399355,NA
737_S4C2,,737,l3,l3_pc,-68.8364,92.9045,105.404,23.5302,18.5357,30.0208,24.5292,0.796745,-36.4294,57.5956,0.51,126.875,-52.7,3.0833,1.1046,Y,2.68,814.428,Axonal,N,NA,NA,NA,NA,NA,NA,none,N,Y,-74.177262,NA,NA,0.49144268,0.258314761,NA,NA,NA,NA,NA,-0.531556732,0.188692263,NA,NA,NA,NA,NA
739_S1C2,,739,l3,l3_pc,-68.6582,95.8559,174.069,7.92974,18.4391,40.749,30.8478,0.84236,-36.4406,59.6088,0.65,107.5,-52.4563,1,1,Y,4.12,439.716,Y,N,NA,NA,NA,NA,NA,NA,none,N,Y,-68.24579787,NA,NA,0.735093832,0.448153545,NA,NA,NA,NA,NA,-0.614707017,0.328985311,NA,NA,NA,NA,NA
942_S1C1,,942,l3,l3_pc,-68.7419,187.913,358.774,29.69,22.9089,53.364,54.6137,0.853743,-42.4913,35.6619,0.54,40,-57.4656,1,1,Y,3.28,169.5,Axonal,N,NA,NA,NA,NA,NA,NA,none,N,Y,-68.172654,NA,NA,0.728149786,0.528437805,NA,NA,NA,NA,NA,-0.748476166,0.366496297,NA,NA,NA,NA,NA
943_S1C1,,943,l3,l3_pc,-73.2882,156.121,246.292,22.3219,83.2755,43.296,24.7671,0.828193,-45.51,49.3175,0.5,32.5,-64.4438,NA,NA,N,4.28,NA,Y,N,NA,NA,NA,NA,NA,NA,none,N,Y,-63.9304675,NA,NA,0.57610162,1.731701825,NA,NA,NA,NA,NA,-2.017649075,1.489017427,NA,NA,NA,NA,NA
946_S2C2,,946,l3,l3_pc,-73.2791,185.835,197.816,16.4106,16.1935,29.7624,21.6632,0.785014,-43.3542,41.9354,0.45,81.875,-59.25,1,1,Y,2.96,152.724,NA,N,NA,NA,NA,NA,NA,NA,none,N,Y,-72.106072,NA,NA,0.581325214,0.448282594,NA,NA,NA,NA,NA,-0.577299954,0.31704025,NA,NA,NA,NA,NA
987_S1C1,,987,l3,l3_pc,-72.2364,76.306,114.255,17.7961,2.62178,62.8521,49.1822,0.758999,-40.1194,47.7769,0.54,126.875,-56.5063,3.6667,1.0068,Y,3.6,262.4,Axonal,N,NA,NA,NA,NA,NA,NA,none,N,Y,-73.7403,NA,NA,1.207239824,1.212332156,NA,NA,NA,NA,NA,-1.138635614,1.034970258,NA,NA,NA,NA,NA
987_S4C1,,987,l3,l3_pc,-62.6657,259.06,416.155,52.4668,13.7821,55.1339,56.9735,0.884209,-39.0881,30.7588,0.54,42.5,-56.6313,1.4167,1.0571,Y,4.56,112.1,Y,N,NA,NA,NA,NA,NA,NA,none,N,Y,-62.960932,NA,NA,1.3993106,0.835509259,NA,NA,NA,NA,NA,-1.45906406,0.693280297,NA,NA,NA,NA,NA
994_S3C2,,994,l3,l3_pc,-73.5338,108.714,124.364,9.46504,10.6871,19.5968,37.4663,0.797371,-36.2687,46.7188,0.61,130,-47.9031,1,1,Y,3.44,196.6,Axonal,Y,3.038575,0.00381,Y,NA,NA,NA,epsp,N,Y,-73.728778,0.107636034,0.250479779,0.613340868,0.388751946,NA,NA,NA,NA,NA,-0.492220658,0.28393993,NA,NA,1,0.554777689,NA
1042_S1C1,,1042,l3,l3_pc,-63.9797,193.024,272.386,56.7758,52.607,24.8806,52.4153,0.622445,-34.9806,60.4644,0.58,52.5,-50.8438,1,1,Y,3.6,195.18,Y,Y,12.717,0,Y,-50.70343,0,Y,biphasic,Y,Y,-51.40451633,0.848985422,0.467318714,1.22760649,0.730787924,NA,NA,NA,-4.280382245,0.590939813,-4.846566531,0.811917855,57.73047826,159.1627944,0.165514636,0.202102654,NA
1047_S2C1,,1047,l3,l3_pc,-72.1898,101.973,130.751,16.2372,10.7895,27.6731,21.8931,0.86425,-37.755,45.1537,0.54,101.875,-53.7563,1.1667,1.0932,Y,3.76,417.247,Y,Y,32.38361,0,Y,NA,NA,NA,epsp,N,Y,-71.56816,2.5691498,0.560982319,3.1322926,0.571674663,5.449204082,6.984091828,6.93343362,NA,NA,-1.15564524,0.471916953,NA,NA,1,0.730489274,NA
1049_S3C2,,1049,l3,l3_pc,-74.0792,102.653,97.4672,10.281,12.6143,27.1444,24.6872,0.86111,-42.3963,52.64,0.48,110.625,-58.575,1,1,Y,3.96,294.779,Axonal,N,NA,NA,NA,NA,NA,NA,none,N,Y,-72.79809388,NA,NA,0.654218288,0.423810848,NA,NA,NA,NA,NA,-0.702669714,0.22506266,NA,NA,NA,NA,NA
1082_S2C1,,1082,l3,l3_pc,-57.3745,301.111,711.857,34.3289,12.7377,11.2191,57.919,0.957618,-33.2431,53.8756,0.59,57.5,-46.2969,1,1,N,3.96,NA,Axonal,N,NA,NA,NA,NA,NA,NA,none,N,Y,-68.041136,NA,NA,0.774939864,0.572800687,NA,NA,NA,NA,NA,-0.731684924,0.173365362,NA,NA,NA,NA,NA
1092_S1C2,,1092,l3,l3_pc,-86.4112,35.0266,34.5615,6.63701,6.69323,3.55014,8.54306,0.907022,NA,NA,NA,NA,NA,1,1,Y,2.56,515.887,Axonal,Y,35.938452,0,Y,NA,NA,NA,epsp,N,Y,-93.87762245,1.857309184,0.361761942,2.016018571,0.35001629,3.680877551,0.487627404,11.51687571,NA,NA,-0.349414857,0.079550413,NA,NA,1,0.852282946,NA
1137_S3C1,,1137,l3,l3_pc,-77.5217,118.98,325.078,33.0659,39.2261,44.3373,31.5101,0.98559,-58.6,28.3,0.57,70,-73.375,NA,NA,Y,3.44,166.521,Y ,Y,5.253893,0,Y,-12.814701,0,Y,biphasic,Y,Y,-75.18957,0.60430437,0.813316384,0.962697744,0.788579343,NA,NA,NA,-1.58251192,0.873219706,-1.58251192,0.873219706,62.50823913,40.01302279,0.276339797,0.378239073,NA
1240_S1C2_J,,1240,l3,l3_pc,-76.2578,132.777,195.9,15.3561,14.5565,16.1942,23.2507,0.845863,-42.5038,48.7075,0.5,75.625,-58.5219,3.1667,1.1037,Y,2.96,176.184,Axonal,N,NA,NA,NA,NA,NA,NA,none,N,Y,-73.282415,NA,NA,0.57054159,0.4278712,NA,NA,NA,NA,NA,-0.553207765,0.297361756,NA,NA,NA,NA,NA
1240_S2C2_J,,1240,l3,l3_pc,-64.3906,91.8646,114.968,20.6083,12.8066,10.9391,21.6804,0.734806,-42.055,50.7775,0.55,80,-59.75,4.25,1.0148,Y,4.28,89.177,Y,Y,17.132569,0,Y,-3.991987,0.00028,Y,biphasic,Y,Y,-63.9244775,0.997446525,0.368211303,1.1511974,0.361556195,NA,NA,NA,-0.245496305,0.388942906,-0.5741931,0.438640948,NA,NA,0.802487855,0.667209771,NA
1306_S2C2,,1306,l3,l3_pc,-78.1079,198.167,215.476,21.4911,18.2376,35.2181,33.3592,0.748628,-42.8,48.3875,0.58,70,-60.4688,NA,NA,N,3.28,NA,Y,Y,2.3608,0.012589,Y,-6.735867,0,Y,biphasic,Y,Y,-62.62487,0.171191318,0.397196304,0.401945408,0.373064462,NA,NA,NA,-0.652965893,0.530954887,-0.875138087,0.542071004,NA,NA,0.207716824,0.314736984,NA
955_S3C1,,955,l5,l5a_pc,-78.8647,239.274,323.134,26.0331,23.2387,33.4285,43.396,0.948839,-39.6475,41.6488,0.79,115.625,-56.6938,1.5,1.071,Y,4.28,244.4,Axonal,N,NA,NA,NA,NA,NA,NA,none,N,Y,-77.988326,NA,NA,0.742196192,1.122623542,NA,NA,NA,NA,NA,-0.563050666,0.291412123,NA,NA,NA,NA,NA
956_S1C1,,956,l5,l5a_pc,-61.6892,239.036,315.025,40.7935,23.9126,45.4186,30.2554,0.842851,-37.7212,46.6512,0.73,40.625,-55.1,2.25,1.1224,Y,4.44,135.2,Y,N,NA,NA,NA,NA,NA,NA,none,N,Y,-60.995416,NA,NA,0.555910548,0.436543259,NA,NA,NA,NA,NA,-0.753588812,0.483708363,NA,NA,NA,NA,NA
987_S1C2,,987,l5,l5a_pc,-72.6143,170.373,314.383,53.4921,26.9588,22.6521,37.3997,0.838993,-40.7375,47.1875,0.47,69.375,-63.175,1.75,1.2034,Y,3.6,212.1,Axonal,N,NA,NA,NA,NA,NA,NA,none,N,Y,-74.344202,NA,NA,1.009457688,0.777472118,NA,NA,NA,NA,NA,-0.97416696,0.595333809,NA,NA,NA,NA,NA
994_S1C1,,994,l5,l5a_pc,-62.723,156.704,235.669,19.5029,21.3268,29.298,21.9487,0.776606,-34.3888,45.505,0.65,53.125,-50.9875,1.5833,1.0727,Y,3.44,134.5,Y,Y,25.913556,0,Y,NA,NA,NA,epsp,N,Y,-61.069822,1.828623708,0.492105626,2.12147125,0.518726485,5.47144186,1.237011785,25.8573414,NA,NA,-0.734572248,0.687297362,NA,NA,1,0.742800749,NA
994_S2C1,,994,l5,l5a_pc,-66.5198,136.716,192.325,18.5808,15.0471,24.5816,24.251,0.639588,-30.4219,55.365,0.74,115,-44.4594,1.3333,1.0777,Y,4.28,114.7,Y,N,NA,NA,NA,NA,NA,NA,none,N,Y,-66.69406136,NA,NA,0.44477124,0.277403709,NA,NA,NA,NA,NA,-0.479092591,0.170262321,NA,NA,NA,NA,NA
1042_S3C1,,1042,l5,l5a_pc,-52.2076,321.845,150.396,29.0728,25.2066,-18.254,17.6177,0.874332,-27.5813,56.5875,0.64,18.125,-49.3375,NA,NA,Y,2.68,338.011,Axonal,N,NA,NA,NA,NA,NA,NA,none,N,Y,-52.311454,NA,NA,0.690512006,1.129151281,NA,NA,NA,NA,NA,-1.031111956,1.230879117,NA,NA,NA,NA,NA
1046_S2C1,,1046,l5,l5a_pc,-62.0029,193.452,329.769,49.5635,23.9972,34.2531,39.0349,0.677163,-38.5187,48.4062,0.62,48.75,-54.7281,1,1,Y,4.12,215.806,Y,N,NA,NA,NA,NA,NA,NA,none,N,Y,-59.44117,NA,NA,0.39691812,0.321373144,NA,NA,NA,NA,NA,-0.365269506,0.241922473,NA,NA,NA,NA,NA
1091_S2C1,,1091,l5,l5a_pc,-63.7704,334.958,409.405,33.013,15.7929,21.2157,24.543,0.936455,-36.0438,44.35,0.91,46.875,-48.7188,1.6667,1.0135,Y,4.12,213.02,Y,N,NA,NA,NA,NA,NA,NA,none,N,Y,-61.964046,NA,NA,0.775296336,0.640924455,NA,NA,NA,NA,NA,0.775296336,0.640924455,NA,NA,NA,NA,NA
1093_S2C2,,1093,l5,l5a_pc,-53.0496,211.334,195.417,33.1142,24.4738,19.6416,21.4634,0.923117,-30.3875,38.275,0.77,31.25,-46.1562,NA,NA,Y,4.72,367.017,Axonal,N,NA,NA,NA,NA,NA,NA,none,N,Y,-50.945474,NA,NA,0.598599116,0.422417591,NA,NA,NA,NA,NA,-0.64577648,0.377265177,NA,NA,NA,NA,NA
1107_S1C2,,1107,l5,l5a_pc,-61.2136,182.629,220.186,20.396,25.4448,47.3347,52.1431,0.886919,-36.2125,57.775,0.56,44.375,-49.9688,1.667,1.0863,Y,3.44,234.742,Y,Y,17.995775,0,Y,-8.699786,0,Y,biphasic,Y,Y,-54.169656,1.70529044,0.670058623,2.05904006,0.639578283,10.36561905,4.532624507,39.83300493,-0.613191752,0.498393945,-1.080335,0.491802559,NA,NA,0.73552018,0.655875778,NA
1242_S1C2,,1242,l5,l5a_pc,-71.7641,260.576,293.861,23.619,23.1216,48.9922,33.3936,1,-37.4612,50.8119,0.7,53.125,-59.55,1,1,Y,4.12,442.799,N,N,NA,NA,NA,NA,NA,NA,none,N,Y,-67.42,NA,NA,0.375270698,0.488497541,NA,NA,NA,NA,NA,-0.690417,0.595388041,NA,NA,NA,NA,NA
956_S2C1,,956,l5,l5b_pc,-74.1995,185.219,307.264,18.6438,21.2466,45.7855,37.2292,0.825861,-44.585,45.1525,0.55,60,-63.0563,2,1.0876,Y,2.96,150.6,Axonal,N,NA,NA,NA,NA,NA,NA,none,N,Y,-74.03295,NA,NA,0.57507488,0.525543725,NA,NA,NA,NA,NA,-0.563050666,0.291412123,NA,NA,NA,NA,NA
1046_S1C1,,1046,l5,l5b_pc,-69.6209,229.23,404.929,39.8334,25.3117,48.6494,32.0326,0.783807,-33.2869,46.5463,0.85,48.75,-52.4438,1.0833,1.0079,Y,3.6,24.216,Y,N,NA,NA,NA,NA,NA,NA,none,N,Y,-64.86871,NA,NA,0.502713699,0.304943878,NA,NA,NA,NA,NA,-0.44884786,0.296212116,NA,NA,NA,NA,NA
1046_S3C2,,1046,l5,l5b_pc,-70.8183,279.186,361.209,25.2109,16.6722,28.1024,30.4173,0.769448,NA,NA,NA,NA,NA,NA,NA,Y,4.56,37.711,Y,N,NA,NA,NA,NA,NA,NA,none,N,Y,-64.9171,NA,NA,0.82334,0.706903,NA,NA,NA,NA,NA,-0.79699,0.522956,NA,NA,NA,NA,NA
1049_S1C1,,1049,l5,l5b_pc,-75.8254,282.074,517.406,12.1879,14.2193,20.4899,31.8055,0.827405,-28.585,48.0013,0.69,57.5,-44.2469,1.0833,1.0183,Y,3.96,254.424,Y,N,NA,NA,NA,NA,NA,NA,none,N,Y,-75.409682,NA,NA,1.07723706,0.561802934,NA,NA,NA,NA,NA,-1.17251178,0.702285045,NA,NA,NA,NA,NA
1092_S2C1,,1092,l5,l5b_pc,-80.8007,114.135,115.917,10.3275,9.79794,9.55328,14.5095,0.896823,-50.7062,35.6313,0.75,129.375,-61.7188,3.1667,1.014,Y,2.96,252.52,Axonal,Y,12.817375,0,Y,NA,NA,NA,epsp,N,Y,-86.322562,0.415146185,0.229027141,0.64880692,0.268662273,NA,NA,NA,NA,NA,-0.404943038,0.198874292,NA,NA,1,0.615712404,NA